1.608999999999999986e+00,4.006012926765295745e+00,3.508582801551254349e+00,8.709467507263509489e+00,9.186230226844450897e+00,1.115761035850528060e+01,6.564144235164500074e+00,2.168701462577501182e+00,4.358940444401651071e+00,4.960648972327120099e+00,3.285452301143670262e+00,9.675034548930526057e+00,7.862897753349227692e+00,7.675789891805318010e-01,3.156656043725324601e+00,3.639932181541876588e+00,2.588628674785762751e+00,3.396599153362982015e+00,1.560595627975114308e+00,1.708748406168518530e+00,1.710934059332212431e+00,1.175916154688263937e+01,1.410403207646678503e+01,2.612435469095429230e+00,1.635294535195914989e+01,1.719183362813354421e+01,1.801832705618834352e+00,4.970813195420806352e+00,4.998768214321246184e+00,5.515893513992279118e+00,5.813753685669579063e+00,1.685403852963262672e+00,1.225740363607386918e+00,8.236528008811232482e+00,1.057326137410980316e+01,2.971940377489832308e+00,3.768779927220160975e+00,3.663268794259247674e+00,4.475934305527781376e+00,2.853820535482809895e+00,9.601915648236152734e+00,2.622927860450856130e+00,2.978687810475671771e+00,2.825699802672496652e+00,1.968810299656238216e+00,8.443874584104058556e-01,3.762831667491551180e+00,4.004720082124111791e+00,2.564988610659073132e+00,1.079234860119862471e+00,2.854039269703426474e+00,2.087048228082848400e+00,6.499224064986140803e+00,5.049420880627847552e+00,7.532321946257302336e+00,6.659749819904497770e+00,1.536656563992544378e+01,1.338286591011816284e+01,3.836025118711520854e+00,2.351219742289594627e+00,3.383623767957886663e+00,6.455265776303374281e+00,6.478008476572778562e+00
4.006012926765295745e+00,1.608999999999999986e+00,1.005036901936281257e+00,1.183610430342121056e+01,1.256279602822471197e+01,1.452869006016900322e+01,9.846425816422884836e+00,1.840266761507549198e+00,6.993058784761219115e+00,7.317447562802534833e+00,5.278536369825962637e+00,1.322817499281663878e+01,1.143650202920703052e+01,3.818637962340023506e+00,8.520313468962679160e-01,4.068960057088527593e-01,4.697847224499467345e+00,6.109629621306385872e+00,4.706396717028550114e+00,3.740031712251132401e+00,3.289949477110953868e+00,1.500442408888844881e+01,1.747091573821189670e+01,2.622491584448843227e+00,1.974515976719343868e+01,2.052461124856498031e+01,5.315949118799267126e+00,8.671263125970229524e+00,8.584997411637749209e+00,8.421005657709285330e+00,8.466935915921803613e+00,2.565765780999623491e+00,2.805559183444273241e+00,1.133371676907763792e+01,1.380441790801708457e+01,3.681329089202214355e+00,6.957604399062276457e+00,7.056812524072652693e+00,7.614701144211186268e+00,5.765674022833974455e+00,1.275420272763642870e+01,5.965634964527205319e+00,5.478561006889278495e+00,1.182188066530675652e+00,2.662821693626161945e+00,4.605875302525257453e+00,7.377568684444606895e+00,6.905222629624964803e+00,1.924938435662504110e+00,3.102566968787949797e+00,6.460752353599453102e+00,4.705842451193069209e+00,9.979193554099811792e+00,8.477158782681271987e+00,1.055957867579073906e+01,9.586231844639490518e+00,1.862062164613816151e+01,1.666401331145869591e+01,5.640328490082418433e+00,3.754471903552718093e+00,7.809098903972957473e-01,1.016899697341157527e+01,1.008226422467927819e+01
3.508582801551254349e+00,1.005036901936281257e+00,1.608999999999999986e+00,1.090872568072833992e+01,1.167299306296755290e+01,1.363021700602604902e+01,8.956223386316507273e+00,1.446689559107404932e+00,6.051402919871988750e+00,6.346826529809581174e+00,4.317893880974147613e+00,1.237448920845125322e+01,1.059724000652533960e+01,3.158097774150716130e+00,9.087899123492200193e-01,1.005930982219790826e+00,3.772534699257905189e+00,5.196114223419121991e+00,3.930343861771649738e+00,2.898714747083389387e+00,2.461409849234301728e+00,1.408284535948654437e+01,1.656400143350644072e+01,1.664418462162411183e+00,1.883884501079310070e+01,1.960635911009688925e+01,4.571905156752323229e+00,7.893295171568952995e+00,7.774094034626265248e+00,7.489929159905611478e+00,7.508896996137267799e+00,1.881192814434410998e+00,2.286655617286502018e+00,1.040483394027665831e+01,1.288438506268093420e+01,2.691885203757458100e+00,6.090610997581950237e+00,6.226056533936743520e+00,6.726949767334938102e+00,4.889938232926064998e+00,1.182638150577747105e+01,5.155502652664578633e+00,4.560566234283281339e+00,1.048236628492849931e+00,1.841937224858633426e+00,3.973079365044427824e+00,6.593189838487286458e+00,5.996263619850824789e+00,1.068562833660725575e+00,2.801927423304560349e+00,5.695315801956262192e+00,3.844424326855239826e+00,9.127435753067304702e+00,7.629646387519348316e+00,9.625961121985888269e+00,8.647038183452796289e+00,1.769248732197381457e+01,1.574398595693890890e+01,4.657896861897997454e+00,2.821594148691695558e+00,3.834936345048153283e-01,9.380868242396294576e+00,9.260952042994986755e+00
8.709467507263509489e+00,1.183610430342121056e+01,1.090872568072833992e+01,1.608999999999999986e+00,1.271922971982646811e+00,2.844399545706415733e+00,2.166646316030376163e+00,1.027930064165509449e+01,4.862673592251076649e+00,4.689787496355244834e+00,6.614951559078528831e+00,2.401613525704046292e+00,2.117100212839315709e+00,8.391422960749775228e+00,1.115974222664804394e+01,1.161789970882806777e+01,7.140151549050232305e+00,5.727969814043466279e+00,7.347725857304227226e+00,8.136332367743179361e+00,8.584411315577821000e+00,3.177224832787544972e+00,5.688069938175003948e+00,9.244931214648781648e+00,7.956604577196795702e+00,8.700716589949051283e+00,6.917305650118678706e+00,4.171129821147509631e+00,3.919323687727848782e+00,3.418872887122022419e+00,3.488626664093434915e+00,9.403636642087317199e+00,9.448846315065763335e+00,5.050779525788678948e-01,1.985419434029296992e+00,8.292419885395743151e+00,4.986053833769233279e+00,5.046225471520261685e+00,4.284268416362132292e+00,6.115084428918192039e+00,9.180996780277821401e-01,6.111592250520903491e+00,6.357550641385277146e+00,1.088708925880201051e+01,9.196663180782074676e+00,7.865980039168285032e+00,5.042007370176331271e+00,4.938173332678073457e+00,9.911405370055323516e+00,9.743366689379374890e+00,5.882175495159994938e+00,7.172640806882242259e+00,2.493249521849852712e+00,3.702995008571414726e+00,1.291869948321653805e+00,2.279091546511421207e+00,6.784811811626668465e+00,4.838658787117942950e+00,6.379278828702602766e+00,8.088813977996782256e+00,1.105547489322654720e+01,3.288941480795652517e+00,2.849384980730738537e+00
9.186230226844450897e+00,1.256279602822471197e+01,1.167299306296755290e+01,1.271922971982646811e+00,1.608999999999999986e+00,1.977307323621891211e+00,2.717236421740992558e+00,1.092046613885832151e+01,5.708590467217660169e+00,5.654210610721793095e+00,7.455975538818701231e+00,1.130664418616495581e+00,1.586924872284662502e+00,8.962650380250897442e+00,1.184285427722597106e+01,1.231548303604387939e+01,7.908298936839526228e+00,6.482431395126413420e+00,7.943791765885666933e+00,8.826203540430343608e+00,9.277196348551411731e+00,2.612963275441253064e+00,4.930428231476774670e+00,1.002146357710348390e+01,7.196681218625271548e+00,8.012545026738235876e+00,7.440315974546085620e+00,4.335507662829221509e+00,4.206873956187129338e+00,4.271778829889668394e+00,4.479431971077711516e+00,1.006215124843102338e+01,1.004059352638687841e+01,1.632922386433104167e+00,1.510152339213912676e+00,9.132628945513685537e+00,5.611271926678367272e+00,5.573372107425651478e+00,4.948807981416580404e+00,6.797194598137680899e+00,1.098857267912537461e+00,6.674366681988468386e+00,7.118760239732995210e+00,1.155363698139406736e+01,9.901615543590876811e+00,8.356163589268692959e+00,5.428186972693309187e+00,5.681523736970075511e+00,1.064361527680091868e+01,1.025049740239978213e+01,6.332976791903330849e+00,7.858273772125841994e+00,2.692171289725424188e+00,4.149227604146481951e+00,2.330165425033705606e+00,3.253592785589010106e+00,6.184288939784060801e+00,4.200258163967185432e+00,7.288607948339785203e+00,8.858180013225146254e+00,1.178705898852556011e+01,3.093022041962960600e+00,2.825589354724953761e+00
1.115761035850528060e+01,1.452869006016900322e+01,1.363021700602604902e+01,2.844399545706415733e+00,1.977307323621891211e+00,1.608999999999999986e+00,4.683652724040292981e+00,1.289609856290375234e+01,7.628670446771924851e+00,7.513371140255958203e+00,9.383114062027800628e+00,1.769966316074494284e+00,3.396164093251841543e+00,1.093994185601070335e+01,1.381497283653186869e+01,1.428594582451073336e+01,9.860151794109457413e+00,8.434723510904763799e+00,9.920595036975949910e+00,1.079537215182846488e+01,1.124636334005605143e+01,9.042866891705073629e-01,2.953139499033147430e+00,1.197399777860673176e+01,5.221191212722432695e+00,6.036297142726901654e+00,9.416848852368318035e+00,6.267821695302572493e+00,6.167787638485100921e+00,6.181300493040343902e+00,6.316801386608305258e+00,1.203601760671908671e+01,1.201786932111739503e+01,3.334594548152488791e+00,1.008745843450908009e+00,1.106306251003090502e+01,7.583784659685692375e+00,7.550679069543043909e+00,6.914393754756778421e+00,8.764813531292793058e+00,2.012809841789904741e+00,8.651579852719629926e+00,9.070870116298163310e+00,1.352743129209210515e+01,1.186944879200547653e+01,1.032980787839111159e+01,7.396367981757991039e+00,7.634121699364385449e+00,1.260716705887577760e+01,1.222409492360297456e+01,8.305865480891933217e+00,9.826973347514593726e+00,4.658711252315792528e+00,6.126008588918295139e+00,4.114939396455188358e+00,5.092674200473941148e+00,4.232049555747273928e+00,2.256940572757737851e+00,9.184169931786787089e+00,1.081120563661915845e+01,1.375156640569183608e+01,4.927544695735404545e+00,4.740893093254399560e+00
6.564144235164500074e+00,9.846425816422884836e+00,8.956223386316507273e+00,2.166646316030376163e+00,2.717236421740992558e+00,4.683652724040292981e+00,1.608999999999999986e+00,8.218931687151432186e+00,3.042787792357524612e+00,3.113956211468919655e+00,4.767255451548709111e+00,3.494285026770439284e+00,1.908296379352562244e+00,6.284764873245371142e+00,9.131900940249385812e+00,9.602317056010917895e+00,5.194631912520184969e+00,3.769687920328329778e+00,5.252714184847837586e+00,6.111738710705850508e+00,6.562736397796014920e+00,5.212087690452288591e+00,7.631796116808883923e+00,7.306555864293645008e+00,9.903766705716304131e+00,1.070171760061976229e+01,4.784011705474100040e+00,2.106914693621222412e+00,1.789161052982527922e+00,1.669814289676353480e+00,2.074604599670691218e+00,7.354944142982041910e+00,7.355601190646797072e+00,1.731541961860865619e+00,4.017539355511148713e+00,6.435661942770956934e+00,2.902577051014144871e+00,2.906603543712584781e+00,2.231823114975936218e+00,4.081427926163082809e+00,3.040607794085955717e+00,3.993799092453243382e+00,4.405507817964534389e+00,8.845979920431899401e+00,7.186147615576667924e+00,5.723171363875969142e+00,2.875415306958099659e+00,2.969713741914867811e+00,7.926543097126780069e+00,7.610210409414476906e+00,3.723287090535836175e+00,5.143377236451815548e+00,7.430900542012619514e-01,1.536442326965212768e+00,1.220895988613007743e+00,1.133516065626089642e+00,8.833064773291877003e+00,6.855898651808859157e+00,4.646237662381082600e+00,6.143407309204674149e+00,9.070218760741626696e+00,1.824289586427091159e+00,1.281164350322086198e+00
2.168701462577501182e+00,1.840266761507549198e+00,1.446689559107404932e+00,1.027930064165509449e+01,1.092046613885832151e+01,1.289609856290375234e+01,8.218931687151432186e+00,1.608999999999999986e+00,5.530408471712868312e+00,5.963614539259912917e+00,3.942850644332310139e+00,1.152631438385927787e+01,9.721377687812980284e+00,2.017300456045108881e+00,9.981304443217663414e-01,1.489102700332863405e+00,3.261880192793641609e+00,4.585262591580229419e+00,2.982209464171755364e+00,2.164389784136967254e+00,1.734742516939990153e+00,1.342010979730575571e+01,1.584798671128003988e+01,1.617314250895965921e+00,1.811700094469427214e+01,1.892064909509738868e+01,3.547291176699925774e+00,6.903517475290986027e+00,6.849860263039464492e+00,6.902615524044880324e+00,7.037891009151446831e+00,8.830658095851180445e-01,9.680631479143768647e-01,9.783780155644272725e+00,1.222047083047692162e+01,2.646850830815797195e+00,5.316775799405879965e+00,5.358829012737148290e+00,6.003570400155126663e+00,4.164389077621363455e+00,1.119393473647434156e+01,4.255790224210000083e+00,3.985650242456202363e+00,6.710311817140358626e-01,1.208531338320130377e+00,2.779910629171646441e+00,5.623423525989196037e+00,5.351833145951069071e+00,9.443157030651747608e-01,1.357462097246020516e+00,4.696998283496575333e+00,3.111686948034348088e+00,8.287228135728952338e+00,6.788926026551773241e+00,9.027830782473664328e+00,8.079029026807958758e+00,1.704340315838699382e+01,1.507150281215407794e+01,4.404363729956253692e+00,2.419397598637665681e+00,1.240651691302135928e+00,8.404107877706076479e+00,8.351037954456499435e+00
4.358940444401651071e+00,6.993058784761219115e+00,6.051402919871988750e+00,4.862673592251076649e+00,5.708590467217660169e+00,7.628670446771924851e+00,3.042787792357524612e+00,5.530408471712868312e+00,1.608999999999999986e+00,7.017091881983246182e-01,1.755492478755701358e+00,6.537072565687583214e+00,4.883082893078564801e+00,3.832404208714554894e+00,6.352873504484960243e+00,6.795492833073956795e+00,2.300015574779409988e+00,9.756827911228360684e-01,2.813079304973598926e+00,3.366349449919197490e+00,3.799791926563915734e+00,8.039673311157971014e+00,1.053827323120121839e+01,4.386993858820837922e+00,1.281137361375091643e+01,1.356338928426097468e+01,2.659909042497807796e+00,2.976292589137707001e+00,2.596762344526804434e+00,1.448766943742975100e+00,1.509658136712068721e+00,4.647459581808962348e+00,4.798257014048995295e+00,4.357884362170419301e+00,6.844347672843198893e+00,3.435638141713381444e+00,1.126168682300317192e+00,1.581445672100548094e+00,1.103492486871742173e+00,1.505123645132147692e+00,5.779024050099732968e+00,1.913620711620576786e+00,1.544780741153255477e+00,6.099402219498743172e+00,4.388101800876881065e+00,3.564285697328627656e+00,2.185150283882891564e+00,5.465820078982073227e-01,5.073289522003159746e+00,5.251966192256439570e+00,2.219718530528145273e+00,2.448195432721235854e+00,3.425347792071814723e+00,2.157552482237275360e+00,3.575962213407952284e+00,2.595642993612091054e+00,1.164282879819378458e+01,9.701208723731685524e+00,1.606887370077324295e+00,3.238627003273144567e+00,6.212363091293791939e+00,4.091668878824035183e+00,3.750269813659489859e+00
4.960648972327120099e+00,7.317447562802534833e+00,6.346826529809581174e+00,4.689787496355244834e+00,5.654210610721793095e+00,7.513371140255958203e+00,3.113956211468919655e+00,5.963614539259912917e+00,7.017091881983246182e-01,1.608999999999999986e+00,2.044794669512952190e+00,6.565551699731018154e+00,5.014601653654788826e+00,4.385540031606258715e+00,6.729695220541923817e+00,7.151509712013170983e+00,2.701902323583378784e+00,1.570962918225627503e+00,3.401266197625675947e+00,3.819628635554924934e+00,4.230731610078453109e+00,7.851689264085379705e+00,1.037525681959864876e+01,4.694961118352168228e+00,1.263913226967429360e+01,1.335989580515321862e+01,3.316596681443502170e+00,3.471112397579015241e+00,3.055313947904154670e+00,1.444993256452759445e+00,1.201768160078457548e+00,5.086932642417762551e+00,5.296544932699097430e+00,4.188161706250779659e+00,6.671825658307986906e+00,3.668297728738866503e+00,1.805185997588248270e+00,2.251096139849260602e+00,1.607506664313565370e+00,2.126496219680329425e+00,5.591018963299007716e+00,2.599254200986518715e+00,2.030744029841658804e+00,6.496672910064431150e+00,4.784806933379631921e+00,4.191286752338228005e+00,2.830835944839158902e+00,1.239711466885072833e+00,5.421538027142461580e+00,5.803308265114251796e+00,2.921070606653418888e+00,2.963765746387224009e+00,3.620693847880104954e+00,2.559742265324436161e+00,3.401786279110806444e+00,2.420753189513783266e+00,1.141925922464179344e+01,9.507569389875552446e+00,1.709058576941979712e+00,3.589973366812563071e+00,6.541731940502733877e+00,4.420601239606779309e+00,4.017029762451407748e+00
3.285452301143670262e+00,5.278536369825962637e+00,4.317893880974147613e+00,6.614951559078528831e+00,7.455975538818701231e+00,9.383114062027800628e+00,4.767255451548709111e+00,3.942850644332310139e+00,1.755492478755701358e+00,2.044794669512952190e+00,1.608999999999999986e+00,8.254130096253797788e+00,6.551866667720431359e+00,2.588170835863186525e+00,4.685712085308267660e+00,5.106959209776732678e+00,7.273768583739308458e-01,1.094301874337051839e+00,1.821186630709964893e+00,1.849712994111039288e+00,2.224612491975189066e+00,9.792163865741468243e+00,1.229352157321209482e+01,2.657877815114405351e+00,1.456635708167580745e+01,1.531506178011449748e+01,2.117169444449864990e+00,4.243661515676009799e+00,3.969072350233792346e+00,3.204258860976733292e+00,3.191092112548531201e+00,3.077223634021839516e+00,3.353259436664979720e+00,6.109921875651743051e+00,8.598130272476977254e+00,1.680208243390548084e+00,2.155939776419501186e+00,2.493934330731780502e+00,2.619259524614405699e+00,1.201271599651041244e+00,7.530068656302979946e+00,1.877693431783830968e+00,6.305162955693291993e-01,4.457077071765068510e+00,2.749945960683644053e+00,2.681736794465838347e+00,3.077712474341774307e+00,1.832085151606144269e+00,3.376961987594807368e+00,3.949627789052561511e+00,2.523162001888009875e+00,1.210621299775263449e+00,5.072143409628879773e+00,3.657104143517378780e+00,5.325771461260585760e+00,4.341379581294004808e+00,1.339007478733421941e+01,1.145350640099391271e+01,5.508159141577448903e-01,1.546467068949876067e+00,4.500868014439570075e+00,5.581250362663066511e+00,5.324049461386706206e+00
9.675034548930526057e+00,1.322817499281663878e+01,1.237448920845125322e+01,2.401613525704046292e+00,1.130664418616495581e+00,1.769966316074494284e+00,3.494285026770439284e+00,1.152631438385927787e+01,6.537072565687583214e+00,6.565551699731018154e+00,8.254130096253797788e+00,1.608999999999999986e+00,1.812682162728618263e+00,9.531225719629997428e+00,1.247653684176880517e+01,1.295817168634936856e+01,8.645453879557839727e+00,7.230607712358359862e+00,8.546315601126579509e+00,9.491333108655998885e+00,9.939790841838165747e+00,2.639791833639975049e+00,4.519873474871517693e+00,1.074430954394215831e+01,6.713208312202971761e+00,7.590185640119086585e+00,7.993527089043692690e+00,4.713186846041534928e+00,4.688472207975558526e+00,5.140134869969793741e+00,5.428455216880797352e+00,1.068953423669410441e+01,1.061382423655050822e+01,2.733028806566531355e+00,1.927435628438562532e+00,9.913201084436989774e+00,6.284119355912397786e+00,6.174657179830373543e+00,5.669890258268531547e+00,7.485558545441685752e+00,2.084494285711643968e+00,7.274057843404304613e+00,7.861439680512557260e+00,1.217561478157043453e+01,1.056798758527059690e+01,8.867629691670476433e+00,5.927017792519984951e+00,6.438043704318895166e+00,1.132592788322717503e+01,1.075202377726028935e+01,6.853870319261657684e+00,8.532273745212885174e+00,3.249205539942973786e+00,4.751023597203698046e+00,3.369750097463002803e+00,4.226346396436333031e+00,5.897544055994728751e+00,3.966618823186347953e+00,8.139712843952818133e+00,9.585696805426273670e+00,1.246103423805762311e+01,3.282215960844538927e+00,3.197158828807353359e+00
7.862897753349227692e+00,1.143650202920703052e+01,1.059724000652533960e+01,2.117100212839315709e+00,1.586924872284662502e+00,3.396164093251841543e+00,1.908296379352562244e+00,9.721377687812980284e+00,4.883082893078564801e+00,5.014601653654788826e+00,6.551866667720431359e+00,1.812682162728618263e+00,1.608999999999999986e+00,7.722104834149408958e+00,1.067675438723034809e+01,1.116022639008041750e+01,6.897288584796672950e+00,5.499116682521274058e+00,6.744322964074791038e+00,7.705603819573501490e+00,8.152119764117985667e+00,4.144121434861962605e+00,6.287155915632308911e+00,8.980407168890593539e+00,8.508628555859953480e+00,9.371292499677291943e+00,6.183954726933305501e+00,2.906970618447760391e+00,2.877095426902243513e+00,3.569939756211567339e+00,3.975238197260098527e+00,8.890113078685200065e+00,8.804528893840599224e+00,2.087942281290022351e+00,3.093426492143760420e+00,8.187390461879319403e+00,4.516680003972310509e+00,4.379710191148785015e+00,3.938206645542054130e+00,5.717291690757608791e+00,2.527377484765463755e+00,5.474365841175573344e+00,6.121364504332353462e+00,1.037339887810751549e+01,8.780375143079075073e+00,7.054971327876236487e+00,4.114964054726623743e+00,4.721080757830635299e+00,9.542756927417617163e+00,8.939596504774955932e+00,5.042367185983836819e+00,6.752842805410105065e+00,1.482933862882280351e+00,2.968119356709483014e+00,2.329385294944839924e+00,2.895285353230152570e+00,7.621855181036202076e+00,5.652805619251363822e+00,6.488446342409875278e+00,7.827910396428714890e+00,1.067309987123847925e+01,1.534410025267962219e+00,1.384926223949764834e+00
7.675789891805318010e-01,3.818637962340023506e+00,3.158097774150716130e+00,8.391422960749775228e+00,8.962650380250897442e+00,1.093994185601070335e+01,6.284764873245371142e+00,2.017300456045108881e+00,3.832404208714554894e+00,4.385540031606258715e+00,2.588170835863186525e+00,9.531225719629997428e+00,7.722104834149408958e+00,1.608999999999999986e+00,3.003502979331101663e+00,3.495384295404929009e+00,1.871691723964597154e+00,2.856776939333165455e+00,1.049138230425659568e+00,9.418623760004459777e-01,1.002102407589000155e+00,1.149684017637490641e+01,1.389298236453411661e+01,1.987906707121459116e+00,1.615598649835943945e+01,1.697397812419774255e+01,1.538294056129419829e+00,4.887670461845227798e+00,4.846040399209853966e+00,5.092144038672668849e+00,5.325198779213602407e+00,1.279696908890859630e+00,1.082624483082986089e+00,7.905307866669999406e+00,1.030126316685313093e+01,2.216742912630916607e+00,3.405649860360201231e+00,3.389380222900062467e+00,4.110665337284889809e+00,2.349708161799826556e+00,9.297964612989440880e+00,2.291435567635053516e+00,2.361662211161024150e+00,2.684243289451616388e+00,1.409703795464383624e+00,8.170405809010936604e-01,3.613513782938905017e+00,3.544273828754001432e+00,2.123351694609656892e+00,1.420272645516160948e+00,2.685268471656541145e+00,1.432874273677459565e+00,6.304394756683742607e+00,4.815576283486978859e+00,7.172528301671214912e+00,6.259401100587917988e+00,1.511734602691026730e+01,1.313834915630345890e+01,3.134398960963908021e+00,1.586239721679706616e+00,3.112948474509722008e+00,6.388171972465070070e+00,6.346203575962191756e+00
3.156656043725324601e+00,8.520313468962679160e-01,9.087899123492200193e-01,1.115974222664804394e+01,1.184285427722597106e+01,1.381497283653186869e+01,9.131900940249385812e+00,9.981304443217663414e-01,6.352873504484960243e+00,6.729695220541923817e+00,4.685712085308267660e+00,1.247653684176880517e+01,1.067675438723034809e+01,3.003502979331101663e+00,1.608999999999999986e+00,4.922153126497078035e-01,4.054636101815151328e+00,5.436607938540515939e+00,3.932845089032441344e+00,3.025124633751984149e+00,2.575715119267397490e+00,1.431626794687652549e+01,1.676351533685216921e+01,2.095046467293327552e+00,1.903563336070281764e+01,1.982820921178155160e+01,4.521375922010867576e+00,7.880400886368059687e+00,7.812444696813138023e+00,7.758527473194376967e+00,7.847701197111551785e+00,1.787002733768664031e+00,1.966192514396419844e+00,1.066030089164305217e+01,1.311573859959833221e+01,3.191397687053372234e+00,6.231621849441601135e+00,6.302212227500011643e+00,6.904908581212253260e+00,5.054996356160893711e+00,1.207691285384137636e+01,5.202852158023667073e+00,4.816505066303047755e+00,3.309651338577748181e-01,1.966437801659485451e+00,3.776479955990898141e+00,6.593502325776453787e+00,6.221625948878523715e+00,1.325176047709590188e+00,2.256086920627689452e+00,5.670436889008648507e+00,3.992553086103421744e+00,9.231101417988561764e+00,7.729600454825352962e+00,9.894334173165704627e+00,8.931618471593147035e+00,1.793775403999855200e+01,1.597237436459113447e+01,5.095681099563790006e+00,3.139722029797383573e+00,5.314282457241581437e-01,9.380480083605814201e+00,9.312879585790653891e+00
3.639932181541876588e+00,4.068960057088527593e-01,1.005930982219790826e+00,1.161789970882806777e+01,1.231548303604387939e+01,1.428594582451073336e+01,9.602317056010917895e+00,1.489102700332863405e+00,6.795492833073956795e+00,7.151509712013170983e+00,5.106959209776732678e+00,1.295817168634936856e+01,1.116022639008041750e+01,3.495384295404929009e+00,4.922153126497078035e-01,1.608999999999999986e+00,4.495480477073071413e+00,5.890866076553074038e+00,4.417867630416852265e+00,3.491078649452639127e+00,3.040285208825405316e+00,1.477902799761258912e+01,1.723280346681012887e+01,2.475130791753633819e+00,1.950575173057646694e+01,2.029420459523102949e+01,5.011025809175433388e+00,8.369994791174278248e+00,8.298491842602777169e+00,8.210519989919106365e+00,8.283173129380822175e+00,2.270610980475893381e+00,2.456888114995264605e+00,1.111729887056620747e+01,1.357850346299635547e+01,3.561522206031439541e+00,6.704597724824261640e+00,6.783516678854073056e+00,7.373026071022911410e+00,5.522245818476547718e+00,1.253559046433024271e+01,5.685862637724108382e+00,5.265950327445954926e+00,8.187348032418372279e-01,2.421675438721513807e+00,4.268366363715193401e+00,7.081716191006430350e+00,6.680366694504811242e+00,1.729997512359499057e+00,2.711530747692678656e+00,6.159625043338345485e+00,4.459573517061588888e+00,9.711392015725291316e+00,8.209428977059133103e+00,1.034819150347867733e+01,9.381235682983387392e+00,1.839911598911688628e+01,1.643649062650692017e+01,5.496829414214492893e+00,3.566296059151223385e+00,6.638418647328349076e-01,9.869817912182449859e+00,9.798438791271069093e+00
2.588628674785762751e+00,4.697847224499467345e+00,3.772534699257905189e+00,7.140151549050232305e+00,7.908298936839526228e+00,9.860151794109457413e+00,5.194631912520184969e+00,3.261880192793641609e+00,2.300015574779409988e+00,2.701902323583378784e+00,7.273768583739308458e-01,8.645453879557839727e+00,6.897288584796672950e+00,1.871691723964597154e+00,4.054636101815151328e+00,4.495480477073071413e+00,1.608999999999999986e+00,1.425963132295857472e+00,1.222211803472292191e+00,1.131048812742074805e+00,1.529053249464442876e+00,1.031201723457688146e+01,1.279163533887406956e+01,2.113882495797002381e+00,1.506646827041998193e+01,1.583487724253936690e+01,1.682039698164185637e+00,4.383458480016642511e+00,4.173111850635519815e+00,3.723347767460717161e+00,3.793677106459018233e+00,2.385378759156374429e+00,2.631864930050644702e+00,6.637106681370259054e+00,9.112969371700401666e+00,1.329399312956397239e+00,2.388889549476103102e+00,2.622917287693610877e+00,2.976418567977149543e+00,1.214878114164745115e+00,8.058184629006358790e+00,1.736705046493985938e+00,7.895784324368573248e-01,3.807320733755100495e+00,2.093358377497065437e+00,2.053998349652029098e+00,3.127224024671528380e+00,2.226947842121519638e+00,2.775079116517908950e+00,3.222438771022693604e+00,2.397688517705706790e+00,5.940798851738814390e-01,5.415672977562639545e+00,3.941980689061581167e+00,5.861809656168632365e+00,4.889058542016647912e+00,1.392494947331675625e+01,1.197279012265011211e+01,1.265097161055767971e+00,9.512414183258764977e-01,3.916944264418022126e+00,5.803984460415430036e+00,5.607436321865315598e+00
3.396599153362982015e+00,6.109629621306385872e+00,5.196114223419121991e+00,5.727969814043466279e+00,6.482431395126413420e+00,8.434723510904763799e+00,3.769687920328329778e+00,4.585262591580229419e+00,9.756827911228360684e-01,1.570962918225627503e+00,1.094301874337051839e+00,7.230607712358359862e+00,5.499116682521274058e+00,2.856776939333165455e+00,5.436607938540515939e+00,5.890866076553074038e+00,1.425963132295857472e+00,1.608999999999999986e+00,1.842764008571786460e+00,2.423305345879836814e+00,2.865923044729253188e+00,8.894825364066317519e+00,1.136828930796842840e+01,3.539694256816557694e+00,1.364312112585259662e+01,1.441585553027440803e+01,1.761818868205744959e+00,3.154561141647326039e+00,2.874779417222654399e+00,2.322375528206723772e+00,2.477047646746923792e+00,3.702798777757736914e+00,3.829301077286564325e+00,5.226706821322858687e+00,7.694922906837328824e+00,2.688339192681771017e+00,1.062291007072447835e+00,1.423665518337677183e+00,1.562699471584138022e+00,5.574722991237176517e-01,6.645939444593361500e+00,1.137884230574217392e+00,6.363855232578755627e-01,5.171721502100299794e+00,3.470974143069393225e+00,2.620325893942224038e+00,2.032888119299245400e+00,8.009847197873742886e-01,4.184692464583854132e+00,4.276504814968255630e+00,1.657918140519251571e+00,1.482595045771187392e+00,4.016249932802710809e+00,2.573745910887935029e+00,4.457905760538990236e+00,3.497210978563574102e+00,1.251155536603424601e+01,1.055465966142273260e+01,1.271111353591173554e+00,2.376597533484115399e+00,5.329482899125171258e+00,4.489068007706223717e+00,4.244005565139547187e+00
1.560595627975114308e+00,4.706396717028550114e+00,3.930343861771649738e+00,7.347725857304227226e+00,7.943791765885666933e+00,9.920595036975949910e+00,5.252714184847837586e+00,2.982209464171755364e+00,2.813079304973598926e+00,3.401266197625675947e+00,1.821186630709964893e+00,8.546315601126579509e+00,6.744322964074791038e+00,1.049138230425659568e+00,3.932845089032441344e+00,4.417867630416852265e+00,1.222211803472292191e+00,1.842764008571786460e+00,1.608999999999999986e+00,1.083809615258039871e+00,1.479651231161394964e+00,1.046312806991587685e+01,1.287349192744632198e+01,2.461644115037686653e+00,1.514023262976606610e+01,1.595059700246689971e+01,6.660366328312913309e-01,3.969619222212773302e+00,3.880902327869621082e+00,4.044165978707113140e+00,4.291544346790702846e+00,2.147303809639582450e+00,2.103696666063035625e+00,6.859892694075988118e+00,9.265882797892468048e+00,2.182141593627508147e+00,2.362033809379374460e+00,2.376693915695810677e+00,3.064573442591794983e+00,1.313634011332007967e+00,8.256200914397030743e+00,1.273583824944163334e+00,1.429202743403333420e+00,3.629406114548618500e+00,2.088513098694577685e+00,8.619114545233870217e-01,2.672449929529154833e+00,2.499656981754849738e+00,2.861792285029606475e+00,2.451896204598866813e+00,1.765184806663119277e+00,6.312547799070977739e-01,5.305130745367155676e+00,3.806866521328378994e+00,6.124379817285525718e+00,5.210421625321845163e+00,1.408532549235774134e+01,1.210857929341277206e+01,2.364457810228092427e+00,1.542425463059211799e+00,3.957914246267512315e+00,5.464448634912931979e+00,5.380574629488936722e+00
1.708748406168518530e+00,3.740031712251132401e+00,2.898714747083389387e+00,8.136332367743179361e+00,8.826203540430343608e+00,1.079537215182846488e+01,6.111738710705850508e+00,2.164389784136967254e+00,3.366349449919197490e+00,3.819628635554924934e+00,1.849712994111039288e+00,9.491333108655998885e+00,7.705603819573501490e+00,9.418623760004459777e-01,3.025124633751984149e+00,3.491078649452639127e+00,1.131048812742074805e+00,2.423305345879836814e+00,1.083809615258039871e+00,1.608999999999999986e+00,4.510101703626046565e-01,1.129114333316107910e+01,1.374173866924687459e+01,1.378014819968261806e+00,1.601479526255155150e+01,1.680391492211359505e+01,1.749687231337731408e+00,5.002061154350093020e+00,4.875384618233258749e+00,4.744201366683269860e+00,4.874608977398350973e+00,1.281325192455855744e+00,1.503654907520214135e+00,7.637859217156442782e+00,1.009061467444237081e+01,1.293458685823511312e+00,3.217832157046483399e+00,3.329168445551538014e+00,3.881949959235559966e+00,2.031171398615891022e+00,9.053068838405810226e+00,2.258272146964616311e+00,1.821823177801713545e+00,2.751402601907274370e+00,1.077315394408338900e+00,1.516616343936313616e+00,3.702008129798274982e+00,3.199439148880337314e+00,1.837696574052731791e+00,2.134354325490061211e+00,2.821821310710125541e+00,9.685058462171031168e-01,6.242159256858620608e+00,4.741037373802238442e+00,6.875442495838877122e+00,5.919949105602348993e+00,1.491272594780617666e+01,1.294739398795902474e+01,2.365056362434476256e+00,6.465179892376055060e-01,2.969816888151431744e+00,6.484614272985698591e+00,6.363339821775459981e+00
1.710934059332212431e+00,3.289949477110953868e+00,2.461409849234301728e+00,8.584411315577821000e+00,9.277196348551411731e+00,1.124636334005605143e+01,6.562736397796014920e+00,1.734742516939990153e+00,3.799791926563915734e+00,4.230731610078453109e+00,2.224612491975189066e+00,9.939790841838165747e+00,8.152119764117985667e+00,1.002102407589000155e+00,2.575715119267397490e+00,3.040285208825405316e+00,1.529053249464442876e+00,2.865923044729253188e+00,1.479651231161394964e+00,4.510101703626046565e-01,1.608999999999999986e+00,1.174083895087874296e+01,1.419260377584772925e+01,1.026735138163623828e+00,1.646572033546584279e+01,1.725432461254519012e+01,2.136635496966638570e+00,5.432335533785283666e+00,5.315534603496959498e+00,5.188111229142093883e+00,5.305393945413706902e+00,8.563343350612525606e-01,1.183865151805848059e+00,8.085411169755278848e+00,1.054029431398196515e+01,1.300419488643440813e+00,3.668479248188541320e+00,3.773841936201717484e+00,4.332809899990102132e+00,2.481998501756771169e+00,9.501417695329333668e+00,2.695047343341911983e+00,2.255612813291281604e+00,2.305834328671113376e+00,6.283103533945704200e-01,1.738504897112510772e+00,4.132096225657419630e+00,3.646622599072225857e+00,1.395520492100228882e+00,1.894584643131223212e+00,3.239618555978990067e+00,1.419430690910305604e+00,6.690589710251616751e+00,5.189018989945738625e+00,7.321390757947900063e+00,6.363116544796211471e+00,1.536209891039453090e+01,1.339742915334929307e+01,2.713293660832863274e+00,7.868320205937532341e-01,2.521399626001078698e+00,6.919541410401846449e+00,6.806439205131805892e+00
1.175916154688263937e+01,1.500442408888844881e+01,1.408284535948654437e+01,3.177224832787544972e+00,2.612963275441253064e+00,9.042866891705073629e-01,5.212087690452288591e+00,1.342010979730575571e+01,8.039673311157971014e+00,7.851689264085379705e+00,9.792163865741468243e+00,2.639791833639975049e+00,4.144121434861962605e+00,1.149684017637490641e+01,1.431626794687652549e+01,1.477902799761258912e+01,1.031201723457688146e+01,8.894825364066317519e+00,1.046312806991587685e+01,1.129114333316107910e+01,1.174083895087874296e+01,1.608999999999999986e+00,2.535055968655448577e+00,1.241968666953888167e+01,4.787984026109759483e+00,5.524021338034713402e+00,9.991807888308583685e+00,6.947909678571072334e+00,6.806693637657781792e+00,6.594452332929122029e+00,6.650327911405291559e+00,1.254983455934680414e+01,1.256662723004001414e+01,3.682241990931661935e+00,1.200548752285370613e+00,1.146933705008065374e+01,8.106000910612509713e+00,8.115159102130030888e+00,7.416763711475586440e+00,9.262634892575158929e+00,2.263525242488272582e+00,9.205841734973102319e+00,9.527057367406854382e+00,1.403796348964272411e+01,1.235743266510639771e+01,1.092268089792054298e+01,8.015181383002939697e+00,8.100097439712527603e+00,1.307949843659804223e+01,1.281453484390043585e+01,8.906240194518950659e+00,1.032420037836660320e+01,5.290922492699504431e+00,6.709787728580585586e+00,4.467368283136691431e+00,5.453944638971345960e+00,3.623314551963304542e+00,1.661559467076278995e+00,9.549705351149647470e+00,1.126184887857352734e+01,1.422430213126329868e+01,5.676525869340991015e+00,5.437298499292508858e+00
1.410403207646678503e+01,1.747091573821189670e+01,1.656400143350644072e+01,5.688069938175003948e+00,4.930428231476774670e+00,2.953139499033147430e+00,7.631796116808883923e+00,1.584798671128003988e+01,1.053827323120121839e+01,1.037525681959864876e+01,1.229352157321209482e+01,4.519873474871517693e+00,6.287155915632308911e+00,1.389298236453411661e+01,1.676351533685216921e+01,1.723280346681012887e+01,1.279163533887406956e+01,1.136828930796842840e+01,1.287349192744632198e+01,1.374173866924687459e+01,1.419260377584772925e+01,2.535055968655448577e+00,1.608999999999999986e+00,1.490418984450699824e+01,2.274844642679464179e+00,3.088577555294679922e+00,1.236894401789411546e+01,9.187455440027562759e+00,9.108429368081084831e+00,9.089743988198108582e+00,9.173493850451402309e+00,1.498638677619324611e+01,1.497100858922473599e+01,6.192151919507863589e+00,3.703576935167385287e+00,1.397317027511610021e+01,1.053379156669740446e+01,1.050377877852050368e+01,9.859794739375734807e+00,1.171060627968546264e+01,4.784791536377168697e+00,1.160470965302489432e+01,1.200347601478506121e+01,1.647760275807757679e+01,1.481428462658683287e+01,1.327876571444284792e+01,1.034135625206951659e+01,1.056907323027777323e+01,1.554767090389795037e+01,1.517270785064636662e+01,1.125454711907448946e+01,1.277323540657072876e+01,7.605341443035253945e+00,9.078545575156619307e+00,6.979709485498508670e+00,7.966751312065560420e+00,1.458378130699579778e+00,9.653209992992944910e-01,1.206734170709941445e+01,1.374282326212464334e+01,1.669261435462071219e+01,7.795384917344567732e+00,7.658335549191385816e+00
2.612435469095429230e+00,2.622491584448843227e+00,1.664418462162411183e+00,9.244931214648781648e+00,1.002146357710348390e+01,1.197399777860673176e+01,7.306555864293645008e+00,1.617314250895965921e+00,4.386993858820837922e+00,4.694961118352168228e+00,2.657877815114405351e+00,1.074430954394215831e+01,8.980407168890593539e+00,1.987906707121459116e+00,2.095046467293327552e+00,2.475130791753633819e+00,2.113882495797002381e+00,3.539694256816557694e+00,2.461644115037686653e+00,1.378014819968261806e+00,1.026735138163623828e+00,1.241968666953888167e+01,1.490418984450699824e+01,1.608999999999999986e+00,1.717895617717947943e+01,1.794347246328869261e+01,3.127231244040223235e+00,6.346437913622327009e+00,6.192407507706699121e+00,5.826061042035939330e+00,5.848484925682440050e+00,1.092744850669205459e+00,1.674927541329170877e+00,8.740893241269798608e+00,1.122163548206085260e+01,1.096605369141362418e+00,4.464186244220682553e+00,4.633902808082431157e+00,5.082319626251194045e+00,3.263116552279184290e+00,1.016246186464891821e+01,3.599928069069529890e+00,2.903348016193842085e+00,1.928031692000478525e+00,6.690013398298703118e-01,2.759491031845301645e+00,5.050217876092451874e+00,4.340639006908091346e+00,7.755527105363237972e-01,2.439920147300237652e+00,4.189109014631073435e+00,2.247961552838312560e+00,7.503589016315070026e+00,6.013622299277257888e+00,7.961648712147767704e+00,6.982634116959162363e+00,1.602832247312981906e+01,1.408098587373332577e+01,3.023861215592225538e+00,1.163284040329177982e+00,1.848372669001428825e+00,7.814834756552984985e+00,7.662888762602030113e+00
1.635294535195914989e+01,1.974515976719343868e+01,1.883884501079310070e+01,7.956604577196795702e+00,7.196681218625271548e+00,5.221191212722432695e+00,9.903766705716304131e+00,1.811700094469427214e+01,1.281137361375091643e+01,1.263913226967429360e+01,1.456635708167580745e+01,6.713208312202971761e+00,8.508628555859953480e+00,1.615598649835943945e+01,1.903563336070281764e+01,1.950575173057646694e+01,1.506646827041998193e+01,1.364312112585259662e+01,1.514023262976606610e+01,1.601479526255155150e+01,1.646572033546584279e+01,4.787984026109759483e+00,2.274844642679464179e+00,1.717895617717947943e+01,1.608999999999999986e+00,9.532326343351119613e-01,1.462853863042755798e+01,1.141535723684966541e+01,1.135430867378630637e+01,1.136309645216183917e+01,1.143754976736872564e+01,1.725718523173120644e+01,1.723534550243136465e+01,8.461295592578251146e+00,5.971185500491934306e+00,1.624566060838332149e+01,1.280483473927204230e+01,1.276787765529183716e+01,1.213299218203201058e+01,1.398378581270294774e+01,7.048607415544043242e+00,1.386993029089791030e+01,1.427832054937065287e+01,1.874858003606895807e+01,1.708787199935101597e+01,1.553185323083298464e+01,1.259064602123501686e+01,1.284384974126343693e+01,1.782213702612190431e+01,1.742456852636832920e+01,1.350811578852984773e+01,1.504629706354825380e+01,9.859228239000161764e+00,1.134042553208353965e+01,9.248464499499082336e+00,1.023568959234594367e+01,1.510048546126396385e+00,3.141794479736478962e+00,1.433494674782279610e+01,1.601765033349174416e+01,1.896703027207599135e+01,9.994700286242478526e+00,9.888867039001821624e+00
1.719183362813354421e+01,2.052461124856498031e+01,1.960635911009688925e+01,8.700716589949051283e+00,8.012545026738235876e+00,6.036297142726901654e+00,1.070171760061976229e+01,1.892064909509738868e+01,1.356338928426097468e+01,1.335989580515321862e+01,1.531506178011449748e+01,7.590185640119086585e+00,9.371292499677291943e+00,1.697397812419774255e+01,1.982820921178155160e+01,2.029420459523102949e+01,1.583487724253936690e+01,1.441585553027440803e+01,1.595059700246689971e+01,1.680391492211359505e+01,1.725432461254519012e+01,5.524021338034713402e+00,3.088577555294679922e+00,1.794347246328869261e+01,9.532326343351119613e-01,1.608999999999999986e+00,1.545284274696374460e+01,1.227422143419809508e+01,1.219691233056087931e+01,1.211847357300956141e+01,1.216089312600210981e+01,1.805543029723380855e+01,1.805047255140463491e+01,9.205561448609483222e+00,6.721984566026382169e+00,1.699110757885773282e+01,1.360407123771285320e+01,1.358465531259529868e+01,1.292354567247692643e+01,1.477324320270863822e+01,7.784993670444895209e+00,1.468406781867206234e+01,1.504905600017500511e+01,1.954575664452443817e+01,1.787342175495529517e+01,1.636555263370834368e+01,1.342936275422660763e+01,1.361938868150082271e+01,1.859991589857848382e+01,1.825970968174635445e+01,1.434141691009524067e+01,1.583583367789513829e+01,1.069273821472612518e+01,1.216177243853083745e+01,9.989350291264091908e+00,1.097481948395685869e+01,1.967209695324874774e+00,3.862533170372276725e+00,1.506352151680154705e+01,1.678508332615085052e+01,1.974494981398160220e+01,1.087158414196120759e+01,1.074537073865790582e+01
1.801832705618834352e+00,5.315949118799267126e+00,4.571905156752323229e+00,6.917305650118678706e+00,7.440315974546085620e+00,9.416848852368318035e+00,4.784011705474100040e+00,3.547291176699925774e+00,2.659909042497807796e+00,3.316596681443502170e+00,2.117169444449864990e+00,7.993527089043692690e+00,6.183954726933305501e+00,1.538294056129419829e+00,4.521375922010867576e+00,5.011025809175433388e+00,1.682039698164185637e+00,1.761818868205744959e+00,6.660366328312913309e-01,1.749687231337731408e+00,2.136635496966638570e+00,9.991807888308583685e+00,1.236894401789411546e+01,3.127231244040223235e+00,1.462853863042755798e+01,1.545284274696374460e+01,1.608999999999999986e+00,3.359031709481153261e+00,3.307746479191553401e+00,3.723482473982897556e+00,4.054790621016937990e+00,2.750245041983943484e+00,2.620576964804829601e+00,6.440569370609964039e+00,8.800400495441563109e+00,2.803436925998429974e+00,1.968014032382548573e+00,1.877438681998818248e+00,2.674356525130762829e+00,1.208447441096236918e+00,7.814949838471404675e+00,8.226680678796993718e-01,1.573699644937599951e+00,4.208458041397127758e+00,2.733826922244646962e+00,9.593085298240244807e-01,2.076514516899315765e+00,2.245569217905442283e+00,3.504824973168608970e+00,2.827155521628363921e+00,1.149796251125360547e+00,1.119338297711038877e+00,4.771755409851236251e+00,3.291144239630370727e+00,5.731327847568604028e+00,4.859756367176506942e+00,1.360767663938223215e+01,1.162605407518014999e+01,2.615192297331101479e+00,2.183744383526824873e+00,4.580753942077556040e+00,4.859155476395774720e+00,4.808017362585100152e+00
4.970813195420806352e+00,8.671263125970229524e+00,7.893295171568952995e+00,4.171129821147509631e+00,4.335507662829221509e+00,6.267821695302572493e+00,2.106914693621222412e+00,6.903517475290986027e+00,2.976292589137707001e+00,3.471112397579015241e+00,4.243661515676009799e+00,4.713186846041534928e+00,2.906970618447760391e+00,4.887670461845227798e+00,7.880400886368059687e+00,8.369994791174278248e+00,4.383458480016642511e+00,3.154561141647326039e+00,3.969619222212773302e+00,5.002061154350093020e+00,5.432335533785283666e+00,6.947909678571072334e+00,9.187455440027562759e+00,6.346437913622327009e+00,1.141535723684966541e+01,1.227422143419809508e+01,3.359031709481153261e+00,1.608999999999999986e+00,4.519488530623808620e-01,2.440764348381935456e+00,3.070161114160406157e+00,6.106106319016642914e+00,5.963304870466709318e+00,3.793963031370014338e+00,5.806234035702439122e+00,5.712857756361979789e+00,2.095541891870135842e+00,1.766109367615792625e+00,1.881991696714330864e+00,3.170516294581580130e+00,4.961638219752556367e+00,2.747406937798436921e+00,3.685112587294561592e+00,7.566790656872761645e+00,6.052702345227340075e+00,4.179626741176654114e+00,1.300307314911800516e+00,2.555813162470969679e+00,6.825595479516923803e+00,6.049745596592207342e+00,2.210828380666442161e+00,4.102205342070921468e+00,1.693812120083141748e+00,9.895201225234928621e-01,3.323211037164572890e+00,2.901415718633699736e+00,1.049955638420703785e+01,8.519850787250087265e+00,4.375670730895253158e+00,5.242406798641257026e+00,7.927315265827730606e+00,1.500590717294263188e+00,1.529226608504135276e+00
4.998768214321246184e+00,8.584997411637749209e+00,7.774094034626265248e+00,3.919323687727848782e+00,4.206873956187129338e+00,6.167787638485100921e+00,1.789161052982527922e+00,6.849860263039464492e+00,2.596762344526804434e+00,3.055313947904154670e+00,3.969072350233792346e+00,4.688472207975558526e+00,2.877095426902243513e+00,4.846040399209853966e+00,7.812444696813138023e+00,8.298491842602777169e+00,4.173111850635519815e+00,2.874779417222654399e+00,3.880902327869621082e+00,4.875384618233258749e+00,5.315534603496959498e+00,6.806693637657781792e+00,9.108429368081084831e+00,6.192407507706699121e+00,1.135430867378630637e+01,1.219691233056087931e+01,3.307746479191553401e+00,4.519488530623808620e-01,1.608999999999999986e+00,1.989010380710637405e+00,2.618413350044049626e+00,6.028112213816093856e+00,5.928179061151166884e+00,3.512012467197161758e+00,5.642476907095643313e+00,5.498125003371695740e+00,1.814940717315165708e+00,1.559793987816971983e+00,1.493464934063570171e+00,2.960010952387471139e+00,4.747577935441197106e+00,2.621546885118827053e+00,3.441429232508077529e+00,7.505514865200730412e+00,5.941727693258750165e+00,4.182303995825998655e+00,1.239225629083722691e+00,2.215532258005686650e+00,6.710886757533742752e+00,6.071968791672522237e+00,2.165408948567741021e+00,3.945260596484111648e+00,1.516011098469309815e+00,5.381110600435154989e-01,2.982698380585264708e+00,2.487979436628796837e+00,1.039040796793185706e+01,8.406682965896866477e+00,4.056901109284734908e+00,5.064307791031755102e+00,7.829384544257542267e+00,1.630913773282454571e+00,1.501179471331891557e+00
5.515893513992279118e+00,8.421005657709285330e+00,7.489929159905611478e+00,3.418872887122022419e+00,4.271778829889668394e+00,6.181300493040343902e+00,1.669814289676353480e+00,6.902615524044880324e+00,1.448766943742975100e+00,1.444993256452759445e+00,3.204258860976733292e+00,5.140134869969793741e+00,3.569939756211567339e+00,5.092144038672668849e+00,7.758527473194376967e+00,8.210519989919106365e+00,3.723347767460717161e+00,2.322375528206723772e+00,4.044165978707113140e+00,4.744201366683269860e+00,5.188111229142093883e+00,6.594452332929122029e+00,9.089743988198108582e+00,5.826061042035939330e+00,1.136309645216183917e+01,1.211847357300956141e+01,3.723482473982897556e+00,2.440764348381935456e+00,1.989010380710637405e+00,1.608999999999999986e+00,6.294031880680437396e-01,6.021390894439490715e+00,6.115075244366551921e+00,2.914911695567430350e+00,5.397722408848261821e+00,4.884379441259018684e+00,1.767785257877257488e+00,2.019807617161835545e+00,1.098127766867650346e+00,2.754955022944918674e+00,4.336452348135172663e+00,2.902131873450620514e+00,2.944786411995746533e+00,7.493945538186904898e+00,5.792416873281797329e+00,4.680230091988027752e+00,2.355374479628242756e+00,1.555423701057457420e+00,6.497229357572656738e+00,6.490422087169683607e+00,2.896397424097045370e+00,3.791662526514821163e+00,2.198086716814798613e+00,1.451319704835058788e+00,2.138631050147977497e+00,1.176477137466804601e+00,1.020279699935940876e+01,8.255969311505342745e+00,3.017139485370653684e+00,4.670690484800594788e+00,7.640137240403643837e+00,3.082462922542124950e+00,2.632070374075911712e+00
5.813753685669579063e+00,8.466935915921803613e+00,7.508896996137267799e+00,3.488626664093434915e+00,4.479431971077711516e+00,6.316801386608305258e+00,2.074604599670691218e+00,7.037891009151446831e+00,1.509658136712068721e+00,1.201768160078457548e+00,3.191092112548531201e+00,5.428455216880797352e+00,3.975238197260098527e+00,5.325198779213602407e+00,7.847701197111551785e+00,8.283173129380822175e+00,3.793677106459018233e+00,2.477047646746923792e+00,4.291544346790702846e+00,4.874608977398350973e+00,5.305393945413706902e+00,6.650327911405291559e+00,9.173493850451402309e+00,5.848484925682440050e+00,1.143754976736872564e+01,1.216089312600210981e+01,4.054790621016937990e+00,3.070161114160406157e+00,2.618413350044049626e+00,6.294031880680437396e-01,1.608999999999999986e+00,6.155218274845238646e+00,6.305676597797624794e+00,2.987790404063001670e+00,5.470090527633945321e+00,4.847123859109392363e+00,2.172886215707775737e+00,2.500094898495220264e+00,1.590815008566198951e+00,2.978286488006899990e+00,4.389286124953445167e+00,3.250217922422625083e+00,3.052818154298106990e+00,7.600085123084190819e+00,5.886650877117499903e+00,4.995401866867552165e+00,2.909795678564529808e+00,1.811492169955131848e+00,6.555672648678299907e+00,6.741244034087732651e+00,3.348227739567944727e+00,3.956409959088163397e+00,2.698052106362479829e+00,2.080693558490263939e+00,2.202570363284046984e+00,1.228799768365362866e+00,1.022302532514145490e+01,8.306892389010412714e+00,2.902952673612708701e+00,4.717674709074695549e+00,7.687816885096310671e+00,3.648677087698663168e+00,3.170671763252506103e+00
1.685403852963262672e+00,2.565765780999623491e+00,1.881192814434410998e+00,9.403636642087317199e+00,1.006215124843102338e+01,1.203601760671908671e+01,7.354944142982041910e+00,8.830658095851180445e-01,4.647459581808962348e+00,5.086932642417762551e+00,3.077223634021839516e+00,1.068953423669410441e+01,8.890113078685200065e+00,1.279696908890859630e+00,1.787002733768664031e+00,2.270610980475893381e+00,2.385378759156374429e+00,3.702798777757736914e+00,2.147303809639582450e+00,1.281325192455855744e+00,8.563343350612525606e-01,1.254983455934680414e+01,1.498638677619324611e+01,1.092744850669205459e+00,1.725718523173120644e+01,1.805543029723380855e+01,2.750245041983943484e+00,6.106106319016642914e+00,6.028112213816093856e+00,6.021390894439490715e+00,6.155218274845238646e+00,1.608999999999999986e+00,5.869148999051259086e-01,8.907028353976407686e+00,1.134972119875905072e+01,1.923919400116613110e+00,4.452596428855930100e+00,4.515281116994978916e+00,5.133434989270755366e+00,3.288958736570373187e+00,1.031912037030043727e+01,3.415954659960176887e+00,3.102742493560865622e+00,1.491485752542037968e+00,4.555323891771523859e-01,2.092484637466839992e+00,4.814164737964676810e+00,4.472154593492351005e+00,8.809493681139075605e-01,1.347266199990895252e+00,3.895361618567598772e+00,2.232216210568957582e+00,7.444345725720501683e+00,5.943082050059328658e+00,8.148779866783726789e+00,7.197669364580243645e+00,1.617281599324219243e+01,1.420319046660513074e+01,3.554853036720938775e+00,1.582949703972315714e+00,1.838651412745949898e+00,7.604589548635645180e+00,7.527871252055471807e+00
1.225740363607386918e+00,2.805559183444273241e+00,2.286655617286502018e+00,9.448846315065763335e+00,1.004059352638687841e+01,1.201786932111739503e+01,7.355601190646797072e+00,9.680631479143768647e-01,4.798257014048995295e+00,5.296544932699097430e+00,3.353259436664979720e+00,1.061382423655050822e+01,8.804528893840599224e+00,1.082624483082986089e+00,1.966192514396419844e+00,2.456888114995264605e+00,2.631864930050644702e+00,3.829301077286564325e+00,2.103696666063035625e+00,1.503654907520214135e+00,1.183865151805848059e+00,1.256662723004001414e+01,1.497100858922473599e+01,1.674927541329170877e+00,1.723534550243136465e+01,1.805047255140463491e+01,2.620576964804829601e+00,5.963304870466709318e+00,5.928179061151166884e+00,6.115075244366551921e+00,6.305676597797624794e+00,5.869148999051259086e-01,1.608999999999999986e+00,8.959114803491097234e+00,1.136954882430358715e+01,2.415691782343471594e+00,4.464762400785733831e+00,4.467518063546439322e+00,5.164597710451365842e+00,3.360123486002996263e+00,1.035861554566042564e+01,3.366469001680860273e+00,3.271946968852839088e+00,1.638289474010351299e+00,1.016899543484988566e+00,1.815206828298834507e+00,4.694438417691616294e+00,4.560014548068587636e+00,1.400224790646007467e+00,7.704778779101145725e-01,3.765871008517111651e+00,2.350178440852738415e+00,7.386212034055724018e+00,5.895503426947513503e+00,8.217175095547736063e+00,7.288746642413261867e+00,1.618856181076973044e+01,1.421114518461008558e+01,3.865997916193326667e+00,1.969980338584610413e+00,2.159546618610504787e+00,7.463152153870508343e+00,7.427969302166457233e+00
8.236528008811232482e+00,1.133371676907763792e+01,1.040483394027665831e+01,5.050779525788678948e-01,1.632922386433104167e+00,3.334594548152488791e+00,1.731541961860865619e+00,9.783780155644272725e+00,4.357884362170419301e+00,4.188161706250779659e+00,6.109921875651743051e+00,2.733028806566531355e+00,2.087942281290022351e+00,7.905307866669999406e+00,1.066030089164305217e+01,1.111729887056620747e+01,6.637106681370259054e+00,5.226706821322858687e+00,6.859892694075988118e+00,7.637859217156442782e+00,8.085411169755278848e+00,3.682241990931661935e+00,6.192151919507863589e+00,8.740893241269798608e+00,8.461295592578251146e+00,9.205561448609483222e+00,6.440569370609964039e+00,3.793963031370014338e+00,3.512012467197161758e+00,2.914911695567430350e+00,2.987790404063001670e+00,8.907028353976407686e+00,8.959114803491097234e+00,1.608999999999999986e+00,2.490160824631530545e+00,7.787341963265936862e+00,4.499801907506451037e+00,4.575133935298000054e+00,3.795332355632012433e+00,5.619417973539468036e+00,1.421570891083926425e+00,5.630851024741333255e+00,5.855327739929957254e+00,1.038904224969146917e+01,8.696431177808577218e+00,7.392388246527278106e+00,4.598765334893769818e+00,4.438797490002040824e+00,9.409193785442113267e+00,9.264418414387193934e+00,5.421138269585743075e+00,6.675339325301543170e+00,2.154732957309017927e+00,3.259198143080172194e+00,7.876168453364869038e-01,1.774615635584166462e+00,7.288014227810048595e+00,5.343626949612661825e+00,5.875301771487457358e+00,7.585345219832291264e+00,1.055299906707379698e+01,3.053040208506722308e+00,2.570494748573154631e+00
1.057326137410980316e+01,1.380441790801708457e+01,1.288438506268093420e+01,1.985419434029296992e+00,1.510152339213912676e+00,1.008745843450908009e+00,4.017539355511148713e+00,1.222047083047692162e+01,6.844347672843198893e+00,6.671825658307986906e+00,8.598130272476977254e+00,1.927435628438562532e+00,3.093426492143760420e+00,1.030126316685313093e+01,1.311573859959833221e+01,1.357850346299635547e+01,9.112969371700401666e+00,7.694922906837328824e+00,9.265882797892468048e+00,1.009061467444237081e+01,1.054029431398196515e+01,1.200548752285370613e+00,3.703576935167385287e+00,1.122163548206085260e+01,5.971185500491934306e+00,6.721984566026382169e+00,8.800400495441563109e+00,5.806234035702439122e+00,5.642476907095643313e+00,5.397722408848261821e+00,5.470090527633945321e+00,1.134972119875905072e+01,1.136954882430358715e+01,2.490160824631530545e+00,1.608999999999999986e+00,1.027647822110573195e+01,6.907452858968333054e+00,6.923090209543744322e+00,6.216945946564544023e+00,8.062254757262470761e+00,1.083950113790351555e+00,8.010942426766048285e+00,8.327521469715499336e+00,1.283762923836956737e+01,1.115692176959886872e+01,9.734954155271152487e+00,6.839196078708766002e+00,6.899796378115816253e+00,1.187951854038553279e+01,1.162512868615566930e+01,7.722526968060376085e+00,9.123727421541140359e+00,4.130574667322564508e+00,5.524722042695044522e+00,3.277283944344073330e+00,4.264508422912848040e+00,4.823105206703675485e+00,2.859868978915698357e+00,8.364315592077771200e+00,1.006310332461138124e+01,1.302439308442487764e+01,4.602539263791678437e+00,4.316772032418000116e+00
2.971940377489832308e+00,3.681329089202214355e+00,2.691885203757458100e+00,8.292419885395743151e+00,9.132628945513685537e+00,1.106306251003090502e+01,6.435661942770956934e+00,2.646850830815797195e+00,3.435638141713381444e+00,3.668297728738866503e+00,1.680208243390548084e+00,9.913201084436989774e+00,8.187390461879319403e+00,2.216742912630916607e+00,3.191397687053372234e+00,3.561522206031439541e+00,1.329399312956397239e+00,2.688339192681771017e+00,2.182141593627508147e+00,1.293458685823511312e+00,1.300419488643440813e+00,1.146933705008065374e+01,1.397317027511610021e+01,1.096605369141362418e+00,1.624566060838332149e+01,1.699110757885773282e+01,2.803436925998429974e+00,5.712857756361979789e+00,5.498125003371695740e+00,4.884379441259018684e+00,4.847123859109392363e+00,1.923919400116613110e+00,2.415691782343471594e+00,7.787341963265936862e+00,1.027647822110573195e+01,1.608999999999999986e+00,3.701453474738695792e+00,3.951572854207435093e+00,4.250533185432174399e+00,2.543554053543133797e+00,9.206472422722479010e+00,3.039079980242490819e+00,2.070967634428508397e+00,3.019958594803065388e+00,1.481276370607187420e+00,2.791715152012966161e+00,4.452765221702162712e+00,3.475287983425233929e+00,1.871056810591351649e+00,3.166397428213445497e+00,3.688392445317947299e+00,1.717764350555223141e+00,6.704482376936161003e+00,5.248828235281729704e+00,7.002095654852597661e+00,6.016289857977794142e+00,1.506244980746264694e+01,1.313036746453223635e+01,1.968435116716121591e+00,6.623759338290277077e-01,2.920607889112436073e+00,7.128438092814418425e+00,6.918493066668608193e+00
3.768779927220160975e+00,6.957604399062276457e+00,6.090610997581950237e+00,4.986053833769233279e+00,5.611271926678367272e+00,7.583784659685692375e+00,2.902577051014144871e+00,5.316775799405879965e+00,1.126168682300317192e+00,1.805185997588248270e+00,2.155939776419501186e+00,6.284119355912397786e+00,4.516680003972310509e+00,3.405649860360201231e+00,6.231621849441601135e+00,6.704597724824261640e+00,2.388889549476103102e+00,1.062291007072447835e+00,2.362033809379374460e+00,3.217832157046483399e+00,3.668479248188541320e+00,8.106000910612509713e+00,1.053379156669740446e+01,4.464186244220682553e+00,1.280483473927204230e+01,1.360407123771285320e+01,1.968014032382548573e+00,2.095541891870135842e+00,1.814940717315165708e+00,1.767785257877257488e+00,2.172886215707775737e+00,4.452596428855930100e+00,4.464762400785733831e+00,4.499801907506451037e+00,6.907452858968333054e+00,3.701453474738695792e+00,1.608999999999999986e+00,4.583210719771116937e-01,7.088304403036004286e-01,1.201779150146457198e+00,5.894178338250640969e+00,1.145861435129857719e+00,1.633507473402963539e+00,5.943845947599665891e+00,4.294805291731273122e+00,2.927314560642243713e+00,1.080450604702398065e+00,5.836768277504174041e-01,5.045714233578713070e+00,4.772672316415983218e+00,1.183847670036903166e+00,2.252377231429558702e+00,3.039615912394943997e+00,1.553730533566745731e+00,3.773520352913308784e+00,2.891788355639020924e+00,1.172912635885834298e+01,9.755290235539648691e+00,2.288004163832900506e+00,3.311643708761483396e+00,6.185230105218956886e+00,3.436546487125248017e+00,3.218940079964015322e+00
3.663268794259247674e+00,7.056812524072652693e+00,6.226056533936743520e+00,5.046225471520261685e+00,5.573372107425651478e+00,7.550679069543043909e+00,2.906603543712584781e+00,5.358829012737148290e+00,1.581445672100548094e+00,2.251096139849260602e+00,2.493934330731780502e+00,6.174657179830373543e+00,4.379710191148785015e+00,3.389380222900062467e+00,6.302212227500011643e+00,6.783516678854073056e+00,2.622917287693610877e+00,1.423665518337677183e+00,2.376693915695810677e+00,3.329168445551538014e+00,3.773841936201717484e+00,8.115159102130030888e+00,1.050377877852050368e+01,4.633902808082431157e+00,1.276787765529183716e+01,1.358465531259529868e+01,1.877438681998818248e+00,1.766109367615792625e+00,1.559793987816971983e+00,2.019807617161835545e+00,2.500094898495220264e+00,4.515281116994978916e+00,4.467518063546439322e+00,4.575133935298000054e+00,6.923090209543744322e+00,3.951572854207435093e+00,4.583210719771116937e-01,1.608999999999999986e+00,9.232341384285031038e-01,1.408089650529552594e+00,5.939910403104287973e+00,1.103350032182229379e+00,1.920559406107376521e+00,6.003113856495016165e+00,4.401842401489202139e+00,2.820082010681137952e+00,6.301485391337470210e-01,1.041617950244821067e+00,5.166841002107796399e+00,4.703811036979457683e+00,8.832686418035439191e-01,2.388364080894353592e+00,2.929426226304932879e+00,1.430197189447994344e+00,3.885806161759385979e+00,3.068430336163382233e+00,1.173254692211489925e+01,9.751876199365739240e+00,2.685413255620217488e+00,3.504785840842974842e+00,6.293967043755649193e+00,3.188187003841661760e+00,3.034986510553953742e+00
4.475934305527781376e+00,7.614701144211186268e+00,6.726949767334938102e+00,4.284268416362132292e+00,4.948807981416580404e+00,6.914393754756778421e+00,2.231823114975936218e+00,6.003570400155126663e+00,1.103492486871742173e+00,1.607506664313565370e+00,2.619259524614405699e+00,5.669890258268531547e+00,3.938206645542054130e+00,4.110665337284889809e+00,6.904908581212253260e+00,7.373026071022911410e+00,2.976418567977149543e+00,1.562699471584138022e+00,3.064573442591794983e+00,3.881949959235559966e+00,4.332809899990102132e+00,7.416763711475586440e+00,9.859794739375734807e+00,5.082319626251194045e+00,1.213299218203201058e+01,1.292354567247692643e+01,2.674356525130762829e+00,1.881991696714330864e+00,1.493464934063570171e+00,1.098127766867650346e+00,1.590815008566198951e+00,5.133434989270755366e+00,5.164597710451365842e+00,3.795332355632012433e+00,6.216945946564544023e+00,4.250533185432174399e+00,7.088304403036004286e-01,9.232341384285031038e-01,1.608999999999999986e+00,1.850816645276620598e+00,5.195076442065914790e+00,1.853348229561831984e+00,2.191563142026832889e+00,6.622712634458916447e+00,4.955114420864938474e+00,3.633511093070696418e+00,1.335558171451934228e+00,7.882411769336211682e-01,5.694807863979896467e+00,5.481397405034014625e+00,1.798339220622058976e+00,2.913453041153660994e+00,2.455968926482192227e+00,1.069438354250228818e+00,3.065030091804517021e+00,2.188281226371981525e+00,1.103997844760333713e+01,9.069796513886730693e+00,2.618580548044545875e+00,3.920506619890133937e+00,6.838396582217280084e+00,3.014155118660525989e+00,2.713400770953226626e+00
2.853820535482809895e+00,5.765674022833974455e+00,4.889938232926064998e+00,6.115084428918192039e+00,6.797194598137680899e+00,8.764813531292793058e+00,4.081427926163082809e+00,4.164389077621363455e+00,1.505123645132147692e+00,2.126496219680329425e+00,1.201271599651041244e+00,7.485558545441685752e+00,5.717291690757608791e+00,2.349708161799826556e+00,5.054996356160893711e+00,5.522245818476547718e+00,1.214878114164745115e+00,5.574722991237176517e-01,1.313634011332007967e+00,2.031171398615891022e+00,2.481998501756771169e+00,9.262634892575158929e+00,1.171060627968546264e+01,3.263116552279184290e+00,1.398378581270294774e+01,1.477324320270863822e+01,1.208447441096236918e+00,3.170516294581580130e+00,2.960010952387471139e+00,2.754955022944918674e+00,2.978286488006899990e+00,3.288958736570373187e+00,3.360123486002996263e+00,5.619417973539468036e+00,8.062254757262470761e+00,2.543554053543133797e+00,1.201779150146457198e+00,1.408089650529552594e+00,1.850816645276620598e+00,1.608999999999999986e+00,7.030238636930330465e+00,6.935893364845525655e-01,5.723447731127369043e-01,4.775409708863445069e+00,3.104719732483014472e+00,2.066328244584152429e+00,1.931331088909039373e+00,1.200079145646395506e+00,3.848826440076494215e+00,3.763251594343760331e+00,1.322905765746110518e+00,1.062724023890373015e+00,4.241310380114863499e+00,2.750974413541575903e+00,4.866103924119661528e+00,3.929157924283785519e+00,1.288511132978073803e+01,1.091773211179290648e+01,1.571183253574074179e+00,2.114531807948459186e+00,4.990750280125413774e+00,4.590868821566486346e+00,4.407100232833754738e+00
9.601915648236152734e+00,1.275420272763642870e+01,1.182638150577747105e+01,9.180996780277821401e-01,1.098857267912537461e+00,2.012809841789904741e+00,3.040607794085955717e+00,1.119393473647434156e+01,5.779024050099732968e+00,5.591018963299007716e+00,7.530068656302979946e+00,2.084494285711643968e+00,2.527377484765463755e+00,9.297964612989440880e+00,1.207691285384137636e+01,1.253559046433024271e+01,8.058184629006358790e+00,6.645939444593361500e+00,8.256200914397030743e+00,9.053068838405810226e+00,9.501417695329333668e+00,2.263525242488272582e+00,4.784791536377168697e+00,1.016246186464891821e+01,7.048607415544043242e+00,7.784993670444895209e+00,7.814949838471404675e+00,4.961638219752556367e+00,4.747577935441197106e+00,4.336452348135172663e+00,4.389286124953445167e+00,1.031912037030043727e+01,1.035861554566042564e+01,1.421570891083926425e+00,1.083950113790351555e+00,9.206472422722479010e+00,5.894178338250640969e+00,5.939910403104287973e+00,5.195076442065914790e+00,7.030238636930330465e+00,1.608999999999999986e+00,7.013852397141159933e+00,7.275647286498322153e+00,1.180346479885723276e+01,1.011423794639001095e+01,8.759632892936140891e+00,5.905562187610350122e+00,5.855550173241167222e+00,1.082949646832584278e+01,1.064205716701197701e+01,6.763886427195036077e+00,8.088740245690658526e+00,3.267839606248295503e+00,4.572426403342511492e+00,2.204412548268120720e+00,3.190559417735072678e+00,5.866764907256535544e+00,3.923950942577432155e+00,7.286772199519842452e+00,9.006714008741433020e+00,1.197357456575186241e+01,3.916178037287588509e+00,3.544993476369855401e+00
2.622927860450856130e+00,5.965634964527205319e+00,5.155502652664578633e+00,6.111592250520903491e+00,6.674366681988468386e+00,8.651579852719629926e+00,3.993799092453243382e+00,4.255790224210000083e+00,1.913620711620576786e+00,2.599254200986518715e+00,1.877693431783830968e+00,7.274057843404304613e+00,5.474365841175573344e+00,2.291435567635053516e+00,5.202852158023667073e+00,5.685862637724108382e+00,1.736705046493985938e+00,1.137884230574217392e+00,1.273583824944163334e+00,2.258272146964616311e+00,2.695047343341911983e+00,9.205841734973102319e+00,1.160470965302489432e+01,3.599928069069529890e+00,1.386993029089791030e+01,1.468406781867206234e+01,8.226680678796993718e-01,2.747406937798436921e+00,2.621546885118827053e+00,2.902131873450620514e+00,3.250217922422625083e+00,3.415954659960176887e+00,3.366469001680860273e+00,5.630851024741333255e+00,8.010942426766048285e+00,3.039079980242490819e+00,1.145861435129857719e+00,1.103350032182229379e+00,1.853348229561831984e+00,6.935893364845525655e-01,7.013852397141159933e+00,1.608999999999999986e+00,1.248518182136958865e+00,4.901751277273838525e+00,3.320468406644502934e+00,1.781749976896654264e+00,1.450366997034782557e+00,1.453263080806671548e+00,4.090565531481876071e+00,3.633865781020618080e+00,6.644146241918688078e-01,1.363050276337920863e+00,4.031603469550725016e+00,2.533528054207494495e+00,4.914421460759318627e+00,4.037322186599059393e+00,1.282597033934317032e+01,1.084693021218417996e+01,2.264690640277454481e+00,2.514699936162319460e+00,5.208033949893643211e+00,4.226344654253761490e+00,4.116709250883428872e+00
2.978687810475671771e+00,5.478561006889278495e+00,4.560566234283281339e+00,6.357550641385277146e+00,7.118760239732995210e+00,9.070870116298163310e+00,4.405507817964534389e+00,3.985650242456202363e+00,1.544780741153255477e+00,2.030744029841658804e+00,6.305162955693291993e-01,7.861439680512557260e+00,6.121364504332353462e+00,2.361662211161024150e+00,4.816505066303047755e+00,5.265950327445954926e+00,7.895784324368573248e-01,6.363855232578755627e-01,1.429202743403333420e+00,1.821823177801713545e+00,2.255612813291281604e+00,9.527057367406854382e+00,1.200347601478506121e+01,2.903348016193842085e+00,1.427832054937065287e+01,1.504905600017500511e+01,1.573699644937599951e+00,3.685112587294561592e+00,3.441429232508077529e+00,2.944786411995746533e+00,3.052818154298106990e+00,3.102742493560865622e+00,3.271946968852839088e+00,5.855327739929957254e+00,8.327521469715499336e+00,2.070967634428508397e+00,1.633507473402963539e+00,1.920559406107376521e+00,2.191563142026832889e+00,5.723447731127369043e-01,7.275647286498322153e+00,1.248518182136958865e+00,1.608999999999999986e+00,4.557941425444449024e+00,2.850110562461261043e+00,2.275767390631719511e+00,2.479487539027005027e+00,1.437370065753965642e+00,3.553882480334877414e+00,3.775531638195304573e+00,1.892800887969526391e+00,9.334070104590868056e-01,4.638646751903253040e+00,3.177888221967161808e+00,5.083063172696999032e+00,4.115652077391139585e+00,1.314209692986917766e+01,1.118738324109727955e+01,1.052634497227346033e+00,1.740341461720612104e+00,4.697985596359831817e+00,5.068184077072354299e+00,4.847815739059113227e+00
2.825699802672496652e+00,1.182188066530675652e+00,1.048236628492849931e+00,1.088708925880201051e+01,1.155363698139406736e+01,1.352743129209210515e+01,8.845979920431899401e+00,6.710311817140358626e-01,6.099402219498743172e+00,6.496672910064431150e+00,4.457077071765068510e+00,1.217561478157043453e+01,1.037339887810751549e+01,2.684243289451616388e+00,3.309651338577748181e-01,8.187348032418372279e-01,3.807320733755100495e+00,5.171721502100299794e+00,3.629406114548618500e+00,2.751402601907274370e+00,2.305834328671113376e+00,1.403796348964272411e+01,1.647760275807757679e+01,1.928031692000478525e+00,1.874858003606895807e+01,1.954575664452443817e+01,4.208458041397127758e+00,7.566790656872761645e+00,7.505514865200730412e+00,7.493945538186904898e+00,7.600085123084190819e+00,1.491485752542037968e+00,1.638289474010351299e+00,1.038904224969146917e+01,1.283762923836956737e+01,3.019958594803065388e+00,5.943845947599665891e+00,6.003113856495016165e+00,6.622712634458916447e+00,4.775409708863445069e+00,1.180346479885723276e+01,4.901751277273838525e+00,4.557941425444449024e+00,1.608999999999999986e+00,1.714080052731984605e+00,3.450938373249448965e+00,6.282958379710936292e+00,5.950834982352562363e+00,1.153855509535961277e+00,1.934146243353767058e+00,5.358148022025979174e+00,3.714864594254239982e+00,8.932540064172103556e+00,7.432068197939172727e+00,9.626690604575564691e+00,8.668864850074665895e+00,1.766052103556168618e+01,1.569235719654687777e+01,4.885568799564413034e+00,2.911825041510935019e+00,7.212878715078896441e-01,9.067244378443335862e+00,9.006486704486352579e+00
1.968810299656238216e+00,2.662821693626161945e+00,1.841937224858633426e+00,9.196663180782074676e+00,9.901615543590876811e+00,1.186944879200547653e+01,7.186147615576667924e+00,1.208531338320130377e+00,4.388101800876881065e+00,4.784806933379631921e+00,2.749945960683644053e+00,1.056798758527059690e+01,8.780375143079075073e+00,1.409703795464383624e+00,1.966437801659485451e+00,2.421675438721513807e+00,2.093358377497065437e+00,3.470974143069393225e+00,2.088513098694577685e+00,1.077315394408338900e+00,6.283103533945704200e-01,1.235743266510639771e+01,1.481428462658683287e+01,6.690013398298703118e-01,1.708787199935101597e+01,1.787342175495529517e+01,2.733826922244646962e+00,6.052702345227340075e+00,5.941727693258750165e+00,5.792416873281797329e+00,5.886650877117499903e+00,4.555323891771523859e-01,1.016899543484988566e+00,8.696431177808577218e+00,1.115692176959886872e+01,1.481276370607187420e+00,4.294805291731273122e+00,4.401842401489202139e+00,4.955114420864938474e+00,3.104719732483014472e+00,1.011423794639001095e+01,3.320468406644502934e+00,2.850110562461261043e+00,1.714080052731984605e+00,1.608999999999999986e+00,2.216831691466297105e+00,4.752967219373159580e+00,4.258810178756288423e+00,7.733939510510734472e-01,1.786790961051711646e+00,3.853384260985591059e+00,2.043494993834163775e+00,7.318782126244178343e+00,5.817283440892958346e+00,7.928879221217461470e+00,6.965212789371133084e+00,1.597744523692125362e+01,1.401513126522078778e+01,3.199035318851011223e+00,1.213658575768056247e+00,1.893110630361678037e+00,7.542571576028551661e+00,7.433792919739900640e+00
8.443874584104058556e-01,4.605875302525257453e+00,3.973079365044427824e+00,7.865980039168285032e+00,8.356163589268692959e+00,1.032980787839111159e+01,5.723171363875969142e+00,2.779910629171646441e+00,3.564285697328627656e+00,4.191286752338228005e+00,2.681736794465838347e+00,8.867629691670476433e+00,7.054971327876236487e+00,8.170405809010936604e-01,3.776479955990898141e+00,4.268366363715193401e+00,2.053998349652029098e+00,2.620325893942224038e+00,8.619114545233870217e-01,1.516616343936313616e+00,1.738504897112510772e+00,1.092268089792054298e+01,1.327876571444284792e+01,2.759491031845301645e+00,1.553185323083298464e+01,1.636555263370834368e+01,9.593085298240244807e-01,4.179626741176654114e+00,4.182303995825998655e+00,4.680230091988027752e+00,4.995401866867552165e+00,2.092484637466839992e+00,1.815206828298834507e+00,7.392388246527278106e+00,9.734954155271152487e+00,2.791715152012966161e+00,2.927314560642243713e+00,2.820082010681137952e+00,3.633511093070696418e+00,2.066328244584152429e+00,8.759632892936140891e+00,1.781749976896654264e+00,2.275767390631719511e+00,3.450938373249448965e+00,2.216831691466297105e+00,1.608999999999999986e+00,2.943306764350125171e+00,3.183940118400098385e+00,2.940231091400336449e+00,1.894347711207247764e+00,2.024221168428817386e+00,1.479266140600561830e+00,5.673648247329671435e+00,4.213411253984995497e+00,6.688161314051384920e+00,5.819022756265180618e+00,1.453319077275156701e+01,1.254999567759410084e+01,3.226180677216492931e+00,2.129678864819136042e+00,3.916912868549851101e+00,5.674396348043073246e+00,5.671394982727838041e+00
3.762831667491551180e+00,7.377568684444606895e+00,6.593189838487286458e+00,5.042007370176331271e+00,5.428186972693309187e+00,7.396367981757991039e+00,2.875415306958099659e+00,5.623423525989196037e+00,2.185150283882891564e+00,2.830835944839158902e+00,3.077712474341774307e+00,5.927017792519984951e+00,4.114964054726623743e+00,3.613513782938905017e+00,6.593502325776453787e+00,7.081716191006430350e+00,3.127224024671528380e+00,2.032888119299245400e+00,2.672449929529154833e+00,3.702008129798274982e+00,4.132096225657419630e+00,8.015181383002939697e+00,1.034135625206951659e+01,5.050217876092451874e+00,1.259064602123501686e+01,1.342936275422660763e+01,2.076514516899315765e+00,1.300307314911800516e+00,1.239225629083722691e+00,2.355374479628242756e+00,2.909795678564529808e+00,4.814164737964676810e+00,4.694438417691616294e+00,4.598765334893769818e+00,6.839196078708766002e+00,4.452765221702162712e+00,1.080450604702398065e+00,6.301485391337470210e-01,1.335558171451934228e+00,1.931331088909039373e+00,5.905562187610350122e+00,1.450366997034782557e+00,2.479487539027005027e+00,6.282958379710936292e+00,4.752967219373159580e+00,2.943306764350125171e+00,1.608999999999999986e+00,1.656786557696530382e+00,5.525675422901942468e+00,4.834150399804765463e+00,9.286241114230091576e-01,2.810667651334225248e+00,2.737714242923687369e+00,1.339907420732762589e+00,3.973152045444649616e+00,3.264178878770014336e+00,1.161193309937600482e+01,9.627804447700228252e+00,3.301953092529720024e+00,3.957636516743796573e+00,6.630231839324097542e+00,2.791999326270723891e+00,2.734503115099731207e+00
4.004720082124111791e+00,6.905222629624964803e+00,5.996263619850824789e+00,4.938173332678073457e+00,5.681523736970075511e+00,7.634121699364385449e+00,2.969713741914867811e+00,5.351833145951069071e+00,5.465820078982073227e-01,1.239711466885072833e+00,1.832085151606144269e+00,6.438043704318895166e+00,4.721080757830635299e+00,3.544273828754001432e+00,6.221625948878523715e+00,6.680366694504811242e+00,2.226947842121519638e+00,8.009847197873742886e-01,2.499656981754849738e+00,3.199439148880337314e+00,3.646622599072225857e+00,8.100097439712527603e+00,1.056907323027777323e+01,4.340639006908091346e+00,1.284384974126343693e+01,1.361938868150082271e+01,2.245569217905442283e+00,2.555813162470969679e+00,2.215532258005686650e+00,1.555423701057457420e+00,1.811492169955131848e+00,4.472154593492351005e+00,4.560014548068587636e+00,4.438797490002040824e+00,6.899796378115816253e+00,3.475287983425233929e+00,5.836768277504174041e-01,1.041617950244821067e+00,7.882411769336211682e-01,1.200079145646395506e+00,5.855550173241167222e+00,1.453263080806671548e+00,1.437370065753965642e+00,5.950834982352562363e+00,4.258810178756288423e+00,3.183940118400098385e+00,1.656786557696530382e+00,1.608999999999999986e+00,4.980594060963529301e+00,4.951064140776690436e+00,1.687509766078005846e+00,2.240195947011272004e+00,3.240383019059821290e+00,1.844041535471177884e+00,3.676728114919259216e+00,2.730821572527664109e+00,1.171894312352276302e+01,9.759056930753009951e+00,1.845998945131182900e+00,3.177482378830768006e+00,6.125672077865100817e+00,3.785970556746737881e+00,3.500138043952195854e+00
2.564988610659073132e+00,1.924938435662504110e+00,1.068562833660725575e+00,9.911405370055323516e+00,1.064361527680091868e+01,1.260716705887577760e+01,7.926543097126780069e+00,9.443157030651747608e-01,5.073289522003159746e+00,5.421538027142461580e+00,3.376961987594807368e+00,1.132592788322717503e+01,9.542756927417617163e+00,2.123351694609656892e+00,1.325176047709590188e+00,1.729997512359499057e+00,2.775079116517908950e+00,4.184692464583854132e+00,2.861792285029606475e+00,1.837696574052731791e+00,1.395520492100228882e+00,1.307949843659804223e+01,1.554767090389795037e+01,7.755527105363237972e-01,1.782213702612190431e+01,1.859991589857848382e+01,3.504824973168608970e+00,6.825595479516923803e+00,6.710886757533742752e+00,6.497229357572656738e+00,6.555672648678299907e+00,8.809493681139075605e-01,1.400224790646007467e+00,9.409193785442113267e+00,1.187951854038553279e+01,1.871056810591351649e+00,5.045714233578713070e+00,5.166841002107796399e+00,5.694807863979896467e+00,3.848826440076494215e+00,1.082949646832584278e+01,4.090565531481876071e+00,3.553882480334877414e+00,1.153855509535961277e+00,7.733939510510734472e-01,2.940231091400336449e+00,5.525675422901942468e+00,4.980594060963529301e+00,1.608999999999999986e+00,2.075426524443666931e+00,4.626755285884715185e+00,2.794036368623228572e+00,8.077160935136525666e+00,6.577005928602960516e+00,8.635859902967311541e+00,7.664135419155029716e+00,1.669579439465346482e+01,1.473915383494383491e+01,3.773546645629838547e+00,1.838000427674436388e+00,1.145096951454664946e+00,8.314496745348220585e+00,8.200702195306352138e+00
1.079234860119862471e+00,3.102566968787949797e+00,2.801927423304560349e+00,9.743366689379374890e+00,1.025049740239978213e+01,1.222409492360297456e+01,7.610210409414476906e+00,1.357462097246020516e+00,5.251966192256439570e+00,5.803308265114251796e+00,3.949627789052561511e+00,1.075202377726028935e+01,8.939596504774955932e+00,1.420272645516160948e+00,2.256086920627689452e+00,2.711530747692678656e+00,3.222438771022693604e+00,4.276504814968255630e+00,2.451896204598866813e+00,2.134354325490061211e+00,1.894584643131223212e+00,1.281453484390043585e+01,1.517270785064636662e+01,2.439920147300237652e+00,1.742456852636832920e+01,1.825970968174635445e+01,2.827155521628363921e+00,6.049745596592207342e+00,6.071968791672522237e+00,6.490422087169683607e+00,6.741244034087732651e+00,1.347266199990895252e+00,7.704778779101145725e-01,9.264418414387193934e+00,1.162512868615566930e+01,3.166397428213445497e+00,4.772672316415983218e+00,4.703811036979457683e+00,5.481397405034014625e+00,3.763251594343760331e+00,1.064205716701197701e+01,3.633865781020618080e+00,3.775531638195304573e+00,1.934146243353767058e+00,1.786790961051711646e+00,1.894347711207247764e+00,4.834150399804765463e+00,4.951064140776690436e+00,2.075426524443666931e+00,1.608999999999999986e+00,3.918296651061413005e+00,2.842772520696957628e+00,7.567405179020684436e+00,6.106534166986031131e+00,8.546098682217628806e+00,7.650381265147988330e+00,1.642671071638790536e+01,1.444374691166581925e+01,4.483051022045216882e+00,2.675663830689147371e+00,2.589579747924371844e+00,7.534426895235604604e+00,7.554865863773097878e+00
2.854039269703426474e+00,6.460752353599453102e+00,5.695315801956262192e+00,5.882175495159994938e+00,6.332976791903330849e+00,8.305865480891933217e+00,3.723287090535836175e+00,4.696998283496575333e+00,2.219718530528145273e+00,2.921070606653418888e+00,2.523162001888009875e+00,6.853870319261657684e+00,5.042367185983836819e+00,2.685268471656541145e+00,5.670436889008648507e+00,6.159625043338345485e+00,2.397688517705706790e+00,1.657918140519251571e+00,1.765184806663119277e+00,2.821821310710125541e+00,3.239618555978990067e+00,8.906240194518950659e+00,1.125454711907448946e+01,4.189109014631073435e+00,1.350811578852984773e+01,1.434141691009524067e+01,1.149796251125360547e+00,2.210828380666442161e+00,2.165408948567741021e+00,2.896397424097045370e+00,3.348227739567944727e+00,3.895361618567598772e+00,3.765871008517111651e+00,5.421138269585743075e+00,7.722526968060376085e+00,3.688392445317947299e+00,1.183847670036903166e+00,8.832686418035439191e-01,1.798339220622058976e+00,1.322905765746110518e+00,6.763886427195036077e+00,6.644146241918688078e-01,1.892800887969526391e+00,5.358148022025979174e+00,3.853384260985591059e+00,2.024221168428817386e+00,9.286241114230091576e-01,1.687509766078005846e+00,4.626755285884715185e+00,3.918296651061413005e+00,1.608999999999999986e+00,1.988106320707538233e+00,3.649470557847551255e+00,2.197883804873787206e+00,4.750464569594831765e+00,3.950151599483326503e+00,1.251252771095236760e+01,1.052885220509469377e+01,2.873193073773742778e+00,3.140966600608026571e+00,5.719355368883303647e+00,3.710200919902047811e+00,3.662933397542230018e+00
2.087048228082848400e+00,4.705842451193069209e+00,3.844424326855239826e+00,7.172640806882242259e+00,7.858273772125841994e+00,9.826973347514593726e+00,5.143377236451815548e+00,3.111686948034348088e+00,2.448195432721235854e+00,2.963765746387224009e+00,1.210621299775263449e+00,8.532273745212885174e+00,6.752842805410105065e+00,1.432874273677459565e+00,3.992553086103421744e+00,4.459573517061588888e+00,5.940798851738814390e-01,1.482595045771187392e+00,6.312547799070977739e-01,9.685058462171031168e-01,1.419430690910305604e+00,1.032420037836660320e+01,1.277323540657072876e+01,2.247961552838312560e+00,1.504629706354825380e+01,1.583583367789513829e+01,1.119338297711038877e+00,4.102205342070921468e+00,3.945260596484111648e+00,3.791662526514821163e+00,3.956409959088163397e+00,2.232216210568957582e+00,2.350178440852738415e+00,6.675339325301543170e+00,9.123727421541140359e+00,1.717764350555223141e+00,2.252377231429558702e+00,2.388364080894353592e+00,2.913453041153660994e+00,1.062724023890373015e+00,8.088740245690658526e+00,1.363050276337920863e+00,9.334070104590868056e-01,3.714864594254239982e+00,2.043494993834163775e+00,1.479266140600561830e+00,2.810667651334225248e+00,2.240195947011272004e+00,2.794036368623228572e+00,2.842772520696957628e+00,1.988106320707538233e+00,1.608999999999999986e+00,5.283973543988603083e+00,3.785262079883804809e+00,5.916622669441895077e+00,4.968137943625698938e+00,1.394627219560346987e+01,1.197987161158249769e+01,1.760194914066268712e+00,1.153871310461102695e+00,3.932857814018341891e+00,5.566882279231561093e+00,5.421710791647947225e+00
6.499224064986140803e+00,9.979193554099811792e+00,9.127435753067304702e+00,2.493249521849852712e+00,2.692171289725424188e+00,4.658711252315792528e+00,7.430900542012619514e-01,8.287228135728952338e+00,3.425347792071814723e+00,3.620693847880104954e+00,5.072143409628879773e+00,3.249205539942973786e+00,1.482933862882280351e+00,6.304394756683742607e+00,9.231101417988561764e+00,9.711392015725291316e+00,5.415672977562639545e+00,4.016249932802710809e+00,5.305130745367155676e+00,6.242159256858620608e+00,6.690589710251616751e+00,5.290922492699504431e+00,7.605341443035253945e+00,7.503589016315070026e+00,9.859228239000161764e+00,1.069273821472612518e+01,4.771755409851236251e+00,1.693812120083141748e+00,1.516011098469309815e+00,2.198086716814798613e+00,2.698052106362479829e+00,7.444345725720501683e+00,7.386212034055724018e+00,2.154732957309017927e+00,4.130574667322564508e+00,6.704482376936161003e+00,3.039615912394943997e+00,2.929426226304932879e+00,2.455968926482192227e+00,4.241310380114863499e+00,3.267839606248295503e+00,4.031603469550725016e+00,4.638646751903253040e+00,8.932540064172103556e+00,7.318782126244178343e+00,5.673648247329671435e+00,2.737714242923687369e+00,3.240383019059821290e+00,8.077160935136525666e+00,7.567405179020684436e+00,3.649470557847551255e+00,5.283973543988603083e+00,1.608999999999999986e+00,1.502215043623858826e+00,1.846761810855973129e+00,1.871862905851405801e+00,8.876428189272628444e+00,6.892426296956730702e+00,5.024779469552387745e+00,6.348741164608544985e+00,9.211831709167718429e+00,1.083123721787603078e+00,5.384678438615123630e-01
5.049420880627847552e+00,8.477158782681271987e+00,7.629646387519348316e+00,3.702995008571414726e+00,4.149227604146481951e+00,6.126008588918295139e+00,1.536442326965212768e+00,6.788926026551773241e+00,2.157552482237275360e+00,2.559742265324436161e+00,3.657104143517378780e+00,4.751023597203698046e+00,2.968119356709483014e+00,4.815576283486978859e+00,7.729600454825352962e+00,8.209428977059133103e+00,3.941980689061581167e+00,2.573745910887935029e+00,3.806866521328378994e+00,4.741037373802238442e+00,5.189018989945738625e+00,6.709787728580585586e+00,9.078545575156619307e+00,6.013622299277257888e+00,1.134042553208353965e+01,1.216177243853083745e+01,3.291144239630370727e+00,9.895201225234928621e-01,5.381110600435154989e-01,1.451319704835058788e+00,2.080693558490263939e+00,5.943082050059328658e+00,5.895503426947513503e+00,3.259198143080172194e+00,5.524722042695044522e+00,5.248828235281729704e+00,1.553730533566745731e+00,1.430197189447994344e+00,1.069438354250228818e+00,2.750974413541575903e+00,4.572426403342511492e+00,2.533528054207494495e+00,3.177888221967161808e+00,7.432068197939172727e+00,5.817283440892958346e+00,4.213411253984995497e+00,1.339907420732762589e+00,1.844041535471177884e+00,6.577005928602960516e+00,6.106534166986031131e+00,2.197883804873787206e+00,3.785262079883804809e+00,1.502215043623858826e+00,1.608999999999999986e+00,2.650502220630270411e+00,2.037760910329818209e+00,1.032019721636501153e+01,8.337434647238236352e+00,3.685701595639156558e+00,4.864288567531076524e+00,7.710391491253256291e+00,1.944923236955899526e+00,1.670751323554157342e+00
7.532321946257302336e+00,1.055957867579073906e+01,9.625961121985888269e+00,1.291869948321653805e+00,2.330165425033705606e+00,4.114939396455188358e+00,1.220895988613007743e+00,9.027830782473664328e+00,3.575962213407952284e+00,3.401786279110806444e+00,5.325771461260585760e+00,3.369750097463002803e+00,2.329385294944839924e+00,7.172528301671214912e+00,9.894334173165704627e+00,1.034819150347867733e+01,5.861809656168632365e+00,4.457905760538990236e+00,6.124379817285525718e+00,6.875442495838877122e+00,7.321390757947900063e+00,4.467368283136691431e+00,6.979709485498508670e+00,7.961648712147767704e+00,9.248464499499082336e+00,9.989350291264091908e+00,5.731327847568604028e+00,3.323211037164572890e+00,2.982698380585264708e+00,2.138631050147977497e+00,2.202570363284046984e+00,8.148779866783726789e+00,8.217175095547736063e+00,7.876168453364869038e-01,3.277283944344073330e+00,7.002095654852597661e+00,3.773520352913308784e+00,3.885806161759385979e+00,3.065030091804517021e+00,4.866103924119661528e+00,2.204412548268120720e+00,4.914421460759318627e+00,5.083063172696999032e+00,9.626690604575564691e+00,7.928879221217461470e+00,6.688161314051384920e+00,3.973152045444649616e+00,3.676728114919259216e+00,8.635859902967311541e+00,8.546098682217628806e+00,4.750464569594831765e+00,5.916622669441895077e+00,1.846761810855973129e+00,2.650502220630270411e+00,1.608999999999999986e+00,9.872250989574520297e-01,8.066951756937958962e+00,6.128272680470121081e+00,5.087693757929479865e+00,6.808349060562830957e+00,9.778696763868696351e+00,2.886778790400653882e+00,2.352225640854534117e+00
6.659749819904497770e+00,9.586231844639490518e+00,8.647038183452796289e+00,2.279091546511421207e+00,3.253592785589010106e+00,5.092674200473941148e+00,1.133516065626089642e+00,8.079029026807958758e+00,2.595642993612091054e+00,2.420753189513783266e+00,4.341379581294004808e+00,4.226346396436333031e+00,2.895285353230152570e+00,6.259401100587917988e+00,8.931618471593147035e+00,9.381235682983387392e+00,4.889058542016647912e+00,3.497210978563574102e+00,5.210421625321845163e+00,5.919949105602348993e+00,6.363116544796211471e+00,5.453944638971345960e+00,7.966751312065560420e+00,6.982634116959162363e+00,1.023568959234594367e+01,1.097481948395685869e+01,4.859756367176506942e+00,2.901415718633699736e+00,2.487979436628796837e+00,1.176477137466804601e+00,1.228799768365362866e+00,7.197669364580243645e+00,7.288746642413261867e+00,1.774615635584166462e+00,4.264508422912848040e+00,6.016289857977794142e+00,2.891788355639020924e+00,3.068430336163382233e+00,2.188281226371981525e+00,3.929157924283785519e+00,3.190559417735072678e+00,4.037322186599059393e+00,4.115652077391139585e+00,8.668864850074665895e+00,6.965212789371133084e+00,5.819022756265180618e+00,3.264178878770014336e+00,2.730821572527664109e+00,7.664135419155029716e+00,7.650381265147988330e+00,3.950151599483326503e+00,4.968137943625698938e+00,1.871862905851405801e+00,2.037760910329818209e+00,9.872250989574520297e-01,1.608999999999999986e+00,9.048951544576246064e+00,7.114478155776207124e+00,4.100916868166214257e+00,5.832648813585826986e+00,8.805350880612106579e+00,2.943718030111454276e+00,2.406347850443189440e+00
1.536656563992544378e+01,1.862062164613816151e+01,1.769248732197381457e+01,6.784811811626668465e+00,6.184288939784060801e+00,4.232049555747273928e+00,8.833064773291877003e+00,1.704340315838699382e+01,1.164282879819378458e+01,1.141925922464179344e+01,1.339007478733421941e+01,5.897544055994728751e+00,7.621855181036202076e+00,1.511734602691026730e+01,1.793775403999855200e+01,1.839911598911688628e+01,1.392494947331675625e+01,1.251155536603424601e+01,1.408532549235774134e+01,1.491272594780617666e+01,1.536209891039453090e+01,3.623314551963304542e+00,1.458378130699579778e+00,1.602832247312981906e+01,1.510048546126396385e+00,1.967209695324874774e+00,1.360767663938223215e+01,1.049955638420703785e+01,1.039040796793185706e+01,1.020279699935940876e+01,1.022302532514145490e+01,1.617281599324219243e+01,1.618856181076973044e+01,7.288014227810048595e+00,4.823105206703675485e+00,1.506244980746264694e+01,1.172912635885834298e+01,1.173254692211489925e+01,1.103997844760333713e+01,1.288511132978073803e+01,5.866764907256535544e+00,1.282597033934317032e+01,1.314209692986917766e+01,1.766052103556168618e+01,1.597744523692125362e+01,1.453319077275156701e+01,1.161193309937600482e+01,1.171894312352276302e+01,1.669579439465346482e+01,1.642671071638790536e+01,1.251252771095236760e+01,1.394627219560346987e+01,8.876428189272628444e+00,1.032019721636501153e+01,8.066951756937958962e+00,9.048951544576246064e+00,1.608999999999999986e+00,1.984129491492586439e+00,1.312576507066498621e+01,1.487335851325364366e+01,1.784008247495411226e+01,9.146874386709935578e+00,8.972942456763737695e+00
1.338286591011816284e+01,1.666401331145869591e+01,1.574398595693890890e+01,4.838658787117942950e+00,4.200258163967185432e+00,2.256940572757737851e+00,6.855898651808859157e+00,1.507150281215407794e+01,9.701208723731685524e+00,9.507569389875552446e+00,1.145350640099391271e+01,3.966618823186347953e+00,5.652805619251363822e+00,1.313834915630345890e+01,1.597237436459113447e+01,1.643649062650692017e+01,1.197279012265011211e+01,1.055465966142273260e+01,1.210857929341277206e+01,1.294739398795902474e+01,1.339742915334929307e+01,1.661559467076278995e+00,9.653209992992944910e-01,1.408098587373332577e+01,3.141794479736478962e+00,3.862533170372276725e+00,1.162605407518014999e+01,8.519850787250087265e+00,8.406682965896866477e+00,8.255969311505342745e+00,8.306892389010412714e+00,1.420319046660513074e+01,1.421114518461008558e+01,5.343626949612661825e+00,2.859868978915698357e+00,1.313036746453223635e+01,9.755290235539648691e+00,9.751876199365739240e+00,9.069796513886730693e+00,1.091773211179290648e+01,3.923950942577432155e+00,1.084693021218417996e+01,1.118738324109727955e+01,1.569235719654687777e+01,1.401513126522078778e+01,1.254999567759410084e+01,9.627804447700228252e+00,9.759056930753009951e+00,1.473915383494383491e+01,1.444374691166581925e+01,1.052885220509469377e+01,1.197987161158249769e+01,6.892426296956730702e+00,8.337434647238236352e+00,6.128272680470121081e+00,7.114478155776207124e+00,1.984129491492586439e+00,1.608999999999999986e+00,1.120793278295009365e+01,1.292282635947991487e+01,1.588408104640527441e+01,7.182948464861813598e+00,6.994935548475403664e+00
3.836025118711520854e+00,5.640328490082418433e+00,4.657896861897997454e+00,6.379278828702602766e+00,7.288607948339785203e+00,9.184169931786787089e+00,4.646237662381082600e+00,4.404363729956253692e+00,1.606887370077324295e+00,1.709058576941979712e+00,5.508159141577448903e-01,8.139712843952818133e+00,6.488446342409875278e+00,3.134398960963908021e+00,5.095681099563790006e+00,5.496829414214492893e+00,1.265097161055767971e+00,1.271111353591173554e+00,2.364457810228092427e+00,2.365056362434476256e+00,2.713293660832863274e+00,9.549705351149647470e+00,1.206734170709941445e+01,3.023861215592225538e+00,1.433494674782279610e+01,1.506352151680154705e+01,2.615192297331101479e+00,4.375670730895253158e+00,4.056901109284734908e+00,3.017139485370653684e+00,2.902952673612708701e+00,3.554853036720938775e+00,3.865997916193326667e+00,5.875301771487457358e+00,8.364315592077771200e+00,1.968435116716121591e+00,2.288004163832900506e+00,2.685413255620217488e+00,2.618580548044545875e+00,1.571183253574074179e+00,7.286772199519842452e+00,2.264690640277454481e+00,1.052634497227346033e+00,4.885568799564413034e+00,3.199035318851011223e+00,3.226180677216492931e+00,3.301953092529720024e+00,1.845998945131182900e+00,3.773546645629838547e+00,4.483051022045216882e+00,2.873193073773742778e+00,1.760194914066268712e+00,5.024779469552387745e+00,3.685701595639156558e+00,5.087693757929479865e+00,4.100916868166214257e+00,1.312576507066498621e+01,1.120793278295009365e+01,1.608999999999999986e+00,1.985486088855905829e+00,4.871022818828522283e+00,5.630012340695501827e+00,5.325710699434989870e+00
2.351219742289594627e+00,3.754471903552718093e+00,2.821594148691695558e+00,8.088813977996782256e+00,8.858180013225146254e+00,1.081120563661915845e+01,6.143407309204674149e+00,2.419397598637665681e+00,3.238627003273144567e+00,3.589973366812563071e+00,1.546467068949876067e+00,9.585696805426273670e+00,7.827910396428714890e+00,1.586239721679706616e+00,3.139722029797383573e+00,3.566296059151223385e+00,9.512414183258764977e-01,2.376597533484115399e+00,1.542425463059211799e+00,6.465179892376055060e-01,7.868320205937532341e-01,1.126184887857352734e+01,1.374282326212464334e+01,1.163284040329177982e+00,1.601765033349174416e+01,1.678508332615085052e+01,2.183744383526824873e+00,5.242406798641257026e+00,5.064307791031755102e+00,4.670690484800594788e+00,4.717674709074695549e+00,1.582949703972315714e+00,1.969980338584610413e+00,7.585345219832291264e+00,1.006310332461138124e+01,6.623759338290277077e-01,3.311643708761483396e+00,3.504785840842974842e+00,3.920506619890133937e+00,2.114531807948459186e+00,9.006714008741433020e+00,2.514699936162319460e+00,1.740341461720612104e+00,2.911825041510935019e+00,1.213658575768056247e+00,2.129678864819136042e+00,3.957636516743796573e+00,3.177482378830768006e+00,1.838000427674436388e+00,2.675663830689147371e+00,3.140966600608026571e+00,1.153871310461102695e+00,6.348741164608544985e+00,4.864288567531076524e+00,6.808349060562830957e+00,5.832648813585826986e+00,1.487335851325364366e+01,1.292282635947991487e+01,1.985486088855905829e+00,1.608999999999999986e+00,2.973875602928898410e+00,6.692696404267595156e+00,6.521394653383075557e+00
3.383623767957886663e+00,7.809098903972957473e-01,3.834936345048153283e-01,1.105547489322654720e+01,1.178705898852556011e+01,1.375156640569183608e+01,9.070218760741626696e+00,1.240651691302135928e+00,6.212363091293791939e+00,6.541731940502733877e+00,4.500868014439570075e+00,1.246103423805762311e+01,1.067309987123847925e+01,3.112948474509722008e+00,5.314282457241581437e-01,6.638418647328349076e-01,3.916944264418022126e+00,5.329482899125171258e+00,3.957914246267512315e+00,2.969816888151431744e+00,2.521399626001078698e+00,1.422430213126329868e+01,1.669261435462071219e+01,1.848372669001428825e+00,1.896703027207599135e+01,1.974494981398160220e+01,4.580753942077556040e+00,7.927315265827730606e+00,7.829384544257542267e+00,7.640137240403643837e+00,7.687816885096310671e+00,1.838651412745949898e+00,2.159546618610504787e+00,1.055299906707379698e+01,1.302439308442487764e+01,2.920607889112436073e+00,6.185230105218956886e+00,6.293967043755649193e+00,6.838396582217280084e+00,4.990750280125413774e+00,1.197357456575186241e+01,5.208033949893643211e+00,4.697985596359831817e+00,7.212878715078896441e-01,1.893110630361678037e+00,3.916912868549851101e+00,6.630231839324097542e+00,6.125672077865100817e+00,1.145096951454664946e+00,2.589579747924371844e+00,5.719355368883303647e+00,3.932857814018341891e+00,9.211831709167718429e+00,7.710391491253256291e+00,9.778696763868696351e+00,8.805350880612106579e+00,1.784008247495411226e+01,1.588408104640527441e+01,4.871022818828522283e+00,2.973875602928898410e+00,1.608999999999999986e+00,9.422157791073704658e+00,9.323973737201107781e+00
6.455265776303374281e+00,1.016899697341157527e+01,9.380868242396294576e+00,3.288941480795652517e+00,3.093022041962960600e+00,4.927544695735404545e+00,1.824289586427091159e+00,8.404107877706076479e+00,4.091668878824035183e+00,4.420601239606779309e+00,5.581250362663066511e+00,3.282215960844538927e+00,1.534410025267962219e+00,6.388171972465070070e+00,9.380480083605814201e+00,9.869817912182449859e+00,5.803984460415430036e+00,4.489068007706223717e+00,5.464448634912931979e+00,6.484614272985698591e+00,6.919541410401846449e+00,5.676525869340991015e+00,7.795384917344567732e+00,7.814834756552984985e+00,9.994700286242478526e+00,1.087158414196120759e+01,4.859155476395774720e+00,1.500590717294263188e+00,1.630913773282454571e+00,3.082462922542124950e+00,3.648677087698663168e+00,7.604589548635645180e+00,7.463152153870508343e+00,3.053040208506722308e+00,4.602539263791678437e+00,7.128438092814418425e+00,3.436546487125248017e+00,3.188187003841661760e+00,3.014155118660525989e+00,4.590868821566486346e+00,3.916178037287588509e+00,4.226344654253761490e+00,5.068184077072354299e+00,9.067244378443335862e+00,7.542571576028551661e+00,5.674396348043073246e+00,2.791999326270723891e+00,3.785970556746737881e+00,8.314496745348220585e+00,7.534426895235604604e+00,3.710200919902047811e+00,5.566882279231561093e+00,1.083123721787603078e+00,1.944923236955899526e+00,2.886778790400653882e+00,2.943718030111454276e+00,9.146874386709935578e+00,7.182948464861813598e+00,5.630012340695501827e+00,6.692696404267595156e+00,9.422157791073704658e+00,1.608999999999999986e+00,5.456560258597497048e-01
6.478008476572778562e+00,1.008226422467927819e+01,9.260952042994986755e+00,2.849384980730738537e+00,2.825589354724953761e+00,4.740893093254399560e+00,1.281164350322086198e+00,8.351037954456499435e+00,3.750269813659489859e+00,4.017029762451407748e+00,5.324049461386706206e+00,3.197158828807353359e+00,1.384926223949764834e+00,6.346203575962191756e+00,9.312879585790653891e+00,9.798438791271069093e+00,5.607436321865315598e+00,4.244005565139547187e+00,5.380574629488936722e+00,6.363339821775459981e+00,6.806439205131805892e+00,5.437298499292508858e+00,7.658335549191385816e+00,7.662888762602030113e+00,9.888867039001821624e+00,1.074537073865790582e+01,4.808017362585100152e+00,1.529226608504135276e+00,1.501179471331891557e+00,2.632070374075911712e+00,3.170671763252506103e+00,7.527871252055471807e+00,7.427969302166457233e+00,2.570494748573154631e+00,4.316772032418000116e+00,6.918493066668608193e+00,3.218940079964015322e+00,3.034986510553953742e+00,2.713400770953226626e+00,4.407100232833754738e+00,3.544993476369855401e+00,4.116709250883428872e+00,4.847815739059113227e+00,9.006486704486352579e+00,7.433792919739900640e+00,5.671394982727838041e+00,2.734503115099731207e+00,3.500138043952195854e+00,8.200702195306352138e+00,7.554865863773097878e+00,3.662933397542230018e+00,5.421710791647947225e+00,5.384678438615123630e-01,1.670751323554157342e+00,2.352225640854534117e+00,2.406347850443189440e+00,8.972942456763737695e+00,6.994935548475403664e+00,5.325710699434989870e+00,6.521394653383075557e+00,9.323973737201107781e+00,5.456560258597497048e-01,1.608999999999999986e+00
